datetime,pm25,pm10,no2,co,so2,o3,temp,rh,wind,rain
2025-09-21 05:45:00,36.47,,,0.648,,,27.45,98.998,0.0,
2025-09-21 06:45:00,,,,,,,0.0,,0.0,
2025-09-21 07:00:00,34.39,,,0.732,,,28.47,99.005,0.0,
2025-09-21 07:15:00,39.14,,,0.732,,,28.62,99.01,0.0,
2025-09-21 07:30:00,39.73,,,0.711,,,10.84,80.629,0.0,
2025-09-21 07:45:00,39.73,,,0.718,,,25.7,95.064,0.0,
2025-09-21 08:00:00,39.73,,,0.602,,,30.08,99.016,0.0,
2025-09-21 08:15:00,34.87,,,0.521,,,30.42,99.036,0.0,
2025-09-21 08:30:00,34.27,,,0.539,,,30.63,99.045,0.0,
2025-09-21 08:45:00,34.27,,,0.56,,,30.95,99.053,0.0,
2025-09-21 09:00:00,34.27,,,0.569,,,31.41,99.057,0.0,
2025-09-21 09:15:00,30.53,,,0.586,,,31.79,98.773,0.0,
2025-09-21 09:30:00,30.06,,,0.57,,,32.0,98.944,0.0,
2025-09-21 09:45:00,30.06,,,0.549,,,32.24,98.33,0.0,
2025-09-21 10:00:00,30.06,,,0.512,,,32.54,97.196,0.0,
2025-09-21 10:15:00,49.13,,,0.476,,,32.79,95.766,0.0,
2025-09-21 10:30:00,51.52,,,0.441,,,32.87,95.51,0.0,
2025-09-21 10:45:00,51.52,,,0.42,,,32.98,93.967,0.0,
2025-09-21 11:00:00,51.52,,,0.465,,,33.12,94.997,0.0,
2025-09-21 11:15:00,39.39,,,0.414,,,33.41,87.311,0.0,
2025-09-21 11:30:00,37.87,,,0.41,,,33.56,85.201,0.0,
2025-09-21 11:45:00,37.87,,,0.402,,,33.69,80.125,0.0,
2025-09-21 12:00:00,37.87,,,0.374,,,33.61,81.617,0.0,
2025-09-21 12:15:00,33.41,,,0.379,,,33.81,78.092,0.0,
2025-09-21 12:30:00,32.85,,,0.361,,,34.09,70.102,0.0,
2025-09-21 12:45:00,32.85,,,0.381,,,34.36,67.97,0.0,
2025-09-21 13:00:00,32.85,,,0.342,,,33.83,71.878,0.0,
2025-09-21 13:15:00,34.68,,,0.349,,,33.18,87.164,0.0,
2025-09-21 13:30:00,34.91,,,0.348,,,33.03,89.096,0.0,
2025-09-21 13:45:00,34.91,,,0.386,,,32.58,98.754,0.0,
2025-09-21 14:00:00,34.91,,,0.371,,,32.28,99.063,0.0,
2025-09-21 14:15:00,42.02,,,0.378,,,32.28,99.06,0.0,
2025-09-21 14:30:00,42.91,,,0.381,,,32.1,99.009,0.0,
2025-09-21 14:45:00,42.91,,,0.36,,,32.27,91.545,0.0,
2025-09-21 15:00:00,42.91,,,0.345,,,32.42,85.328,0.0,
2025-09-21 15:15:00,39.11,,,0.376,,,32.34,92.079,0.0,
2025-09-21 15:30:00,38.63,,,0.4,,,32.26,91.594,0.0,
2025-09-21 15:45:00,38.63,,,0.383,,,32.13,91.399,0.0,
2025-09-21 16:00:00,38.63,,,0.393,,,31.96,94.382,0.0,
2025-09-21 16:15:00,41.54,,,0.393,,,31.92,88.545,0.0,
2025-09-21 16:30:00,41.9,,,0.385,,,31.9,90.776,0.0,
2025-09-21 16:45:00,41.9,,,0.406,,,31.81,93.145,0.0,
2025-09-21 17:00:00,41.9,,,0.403,,,31.64,94.934,0.0,
2025-09-21 17:15:00,33.9,,,0.413,,,31.38,98.967,0.0,
2025-09-21 17:30:00,32.9,,,0.44,,,31.19,99.05,0.0,
2025-09-21 17:45:00,32.9,,,0.462,,,31.15,99.042,0.0,
2025-09-21 18:00:00,32.9,,,0.444,,,31.11,99.036,0.0,
2025-09-21 18:15:00,37.66,,,0.404,,,31.01,99.037,0.0,
2025-09-21 18:30:00,38.26,,,0.409,,,30.72,96.422,0.0,
2025-09-21 18:45:00,38.26,,,0.408,,,30.3,85.034,0.0,
2025-09-21 19:00:00,38.26,,,0.433,,,29.94,87.239,0.0,
2025-09-21 19:15:00,36.95,,,0.406,,,29.64,92.49,0.0,
2025-09-21 19:30:00,36.79,,,0.466,,,29.44,90.973,0.0,
2025-09-21 19:45:00,36.79,,,0.41,,,29.27,92.146,0.0,
2025-09-21 20:00:00,36.79,,,0.473,,,29.22,97.742,0.0,
2025-09-21 20:15:00,29.9,,,0.442,,,29.18,99.044,0.0,
2025-09-21 20:30:00,29.04,,,0.505,,,29.3,99.024,0.0,
2025-09-21 20:45:00,29.04,,,0.528,,,29.42,99.009,0.0,
2025-09-21 21:00:00,29.04,,,0.41,,,29.4,99.019,0.0,
2025-09-21 21:15:00,27.41,,,0.444,,,29.37,99.011,0.0,
2025-09-21 21:30:00,27.2,,,0.547,,,29.39,99.01,0.0,
2025-09-21 21:45:00,27.2,,,0.449,,,29.41,99.03,0.0,
2025-09-21 22:00:00,27.2,,,0.43,,,29.37,99.023,0.0,
2025-09-21 22:15:00,27.48,,,0.407,,,29.23,99.026,0.0,
2025-09-21 22:30:00,27.52,,,0.402,,,29.1,99.043,0.0,
2025-09-21 22:45:00,27.52,,,0.361,,,28.81,99.034,0.0,
2025-09-21 23:00:00,27.52,,,0.338,,,28.67,99.043,0.0,
2025-09-21 23:15:00,28.45,,,0.312,,,28.55,99.053,0.0,
2025-09-21 23:30:00,28.57,,,0.332,,,28.47,99.04,0.0,
2025-09-22 00:45:00,24.01,,,0.42,,,28.21,99.028,0.0,
2025-09-22 01:00:00,24.01,,,0.398,,,28.25,99.021,0.0,
2025-09-22 01:15:00,30.1,,,0.388,,,28.13,99.03,0.0,
2025-09-22 01:30:00,30.86,,,0.486,,,28.07,99.027,0.0,
2025-09-22 01:45:00,30.86,,,0.577,,,28.02,99.015,0.0,
2025-09-22 02:00:00,30.86,,,0.555,,,27.94,99.019,0.0,
2025-09-22 02:15:00,28.56,,,0.461,,,27.97,99.03,0.0,
2025-09-22 02:30:00,28.27,,,0.389,,,27.94,99.016,0.0,
2025-09-22 02:45:00,28.27,,,0.371,,,27.99,99.014,0.0,
2025-09-22 03:00:00,28.27,,,0.341,,,27.98,99.011,0.0,
2025-09-22 03:15:00,25.94,,,0.358,,,28.01,99.017,0.0,
2025-09-22 03:30:00,25.65,,,0.352,,,27.98,99.026,0.0,
2025-09-22 03:45:00,25.65,,,0.341,,,28.01,99.026,0.0,
2025-09-22 04:00:00,25.65,,,0.342,,,27.92,99.01,0.0,
2025-09-22 04:15:00,24.48,,,0.335,,,27.97,99.012,0.0,
2025-09-22 04:30:00,24.34,,,0.321,,,28.01,99.018,0.0,
2025-09-22 04:45:00,24.34,,,0.335,,,28.03,99.023,0.0,
2025-09-22 05:00:00,24.34,,,0.343,,,27.99,99.021,0.0,
2025-09-22 05:15:00,22.39,,,0.338,,,27.88,99.016,0.0,
2025-09-22 05:30:00,22.15,,,0.342,,,27.74,99.015,0.0,
2025-09-22 05:45:00,22.15,,,0.347,,,27.65,99.006,0.0,
2025-09-22 06:00:00,22.15,,,0.37,,,27.58,98.992,0.0,
2025-09-22 06:15:00,28.03,,,0.375,,,27.57,98.998,0.0,
2025-09-22 06:30:00,28.85,,,0.419,,,27.67,98.991,0.0,
2025-09-22 06:45:00,28.85,,,0.481,,,27.85,98.992,0.0,
2025-09-22 07:00:00,28.85,,,0.483,,,27.88,99.003,0.0,
2025-09-22 07:15:00,29.0,,,0.511,,,27.87,98.991,0.0,
2025-09-22 07:30:00,29.02,,,0.577,,,27.94,98.993,0.0,
2025-09-22 07:45:00,29.02,,,0.576,,,28.09,99.001,0.0,
2025-09-22 08:00:00,29.02,,,0.587,,,28.22,98.989,0.0,
2025-09-22 08:15:00,25.89,,,0.623,,,28.43,99.0,0.0,
2025-09-22 08:30:00,25.5,,,0.742,,,28.63,98.995,0.0,
2025-09-22 08:45:00,25.5,,,0.786,,,28.86,98.992,0.0,
2025-09-22 09:00:00,25.5,,,0.761,,,29.18,99.005,0.0,
2025-09-22 09:15:00,28.49,,,0.709,,,29.43,98.998,0.0,
2025-09-22 09:30:00,28.86,,,0.729,,,29.67,99.011,0.0,
2025-09-22 09:45:00,28.86,,,0.705,,,29.86,98.998,0.0,
2025-09-22 10:00:00,28.86,,,0.687,,,29.98,99.015,0.0,
2025-09-22 10:15:00,35.25,,,0.656,,,29.99,99.013,0.0,
2025-09-22 10:30:00,36.04,,,0.572,,,30.14,99.009,0.0,
2025-09-22 10:45:00,36.04,,,0.532,,,30.41,99.024,,
2025-09-22 11:00:00,36.04,,,0.499,,,30.47,99.023,0.0,
2025-09-22 11:15:00,41.26,,,0.498,,,30.46,99.027,0.0,
2025-09-22 11:30:00,41.91,,,0.478,,,30.62,99.029,0.0,
2025-09-22 11:45:00,41.91,,,0.436,,,31.0,99.032,0.0,
2025-09-22 12:00:00,41.91,,,0.446,,,31.15,99.04,0.0,
2025-09-22 12:15:00,34.2,,,0.433,,,30.9,99.033,0.0,
2025-09-22 12:30:00,33.12,,,0.417,,,30.49,99.029,0.0,
2025-09-22 12:45:00,33.12,,,0.408,,,30.54,99.034,0.0,
2025-09-22 13:00:00,33.12,,,0.39,,,30.74,99.039,0.0,
2025-09-22 13:15:00,35.36,,,0.416,,,31.26,89.979,0.0,
2025-09-22 13:30:00,35.64,,,0.368,,,31.7,79.918,0.0,
2025-09-22 13:45:00,35.64,,,0.372,,,31.8,84.529,0.0,
2025-09-22 14:00:00,35.64,,,0.351,,,31.31,97.828,0.0,
2025-09-22 14:15:00,35.92,,,0.339,,,31.38,91.258,0.0,
2025-09-22 14:30:00,35.95,,,0.345,,,31.36,95.232,0.0,
2025-09-22 14:45:00,35.95,,,0.322,,,30.97,89.435,0.0,
2025-09-22 15:00:00,35.95,,,0.287,,,30.55,93.095,0.0,
2025-09-22 15:15:00,28.96,,,0.295,,,30.17,99.061,0.0,
2025-09-22 15:30:00,28.09,,,0.309,,,30.08,99.065,0.0,
2025-09-22 15:45:00,28.09,,,0.312,,,29.97,99.061,0.0,
2025-09-22 16:45:00,24.9,,,0.353,,,29.24,99.031,0.0,
2025-09-22 17:00:00,24.9,,,0.324,,,29.02,99.028,0.0,
2025-09-22 17:15:00,21.85,,,0.313,,,28.94,99.045,0.0,
2025-09-22 17:30:00,21.46,,,0.305,,,28.85,99.039,0.0,
2025-09-22 17:45:00,21.46,,,0.372,,,28.8,99.031,0.0,
2025-09-22 18:00:00,0.0,,,0.0,,,0.0,0.0,0.0,
2025-09-22 18:15:00,0.0,,,0.0,,,0.0,0.0,0.0,
2025-09-22 18:30:00,18.89,,,0.35,,,28.61,99.025,0.0,
2025-09-22 18:45:00,18.89,,,0.501,,,21.04,99.019,2.3,
2025-09-22 19:00:00,18.89,,,0.43,,,28.56,99.024,17.8,
2025-09-22 19:15:00,17.46,,,0.348,,,28.41,99.021,0.96,
2025-09-22 19:30:00,17.28,,,0.361,,,28.31,99.02,0.37,
2025-09-22 19:45:00,17.28,,,0.438,,,28.21,99.015,0.09,
2025-09-22 20:00:00,17.28,,,0.473,,,28.18,99.011,0.12,
2025-09-22 20:15:00,15.15,,,0.485,,,28.17,99.003,0.41,
2025-09-22 20:30:00,14.86,,,0.471,,,28.13,99.003,0.58,
2025-09-22 20:45:00,14.86,,,0.48,,,28.13,99.006,0.3,
2025-09-22 21:00:00,14.86,,,0.465,,,28.13,99.005,0.25,
2025-09-22 21:15:00,18.98,,,0.451,,,28.13,99.009,0.32,
2025-09-22 21:30:00,19.5,,,0.459,,,28.16,99.011,0.22,
2025-09-22 21:45:00,19.5,,,0.482,,,27.57,99.01,0.42,
2025-09-22 22:00:00,19.5,,,0.493,,,27.93,99.008,0.35,
2025-09-22 22:15:00,17.31,,,0.432,,,27.97,99.008,0.24,
2025-09-22 22:30:00,17.04,,,0.437,,,27.93,99.003,0.22,
2025-09-22 22:45:00,17.04,,,0.421,,,27.84,98.997,0.26,
2025-09-22 23:00:00,17.04,,,0.418,,,27.77,98.993,0.19,
2025-09-22 23:15:00,19.24,,,0.426,,,27.74,98.99,0.37,
2025-09-22 23:30:00,19.51,,,0.405,,,27.66,98.987,0.46,
2025-09-23 00:45:00,16.67,,,0.429,,,27.33,98.987,0.33,
2025-09-23 01:00:00,16.67,,,0.387,,,27.23,98.998,0.29,
2025-09-23 01:15:00,20.72,,,0.408,,,27.19,98.996,0.15,
2025-09-23 01:30:00,21.23,,,0.378,,,27.0,98.995,0.19,
2025-09-23 01:45:00,21.23,,,0.365,,,26.85,98.998,0.57,
2025-09-23 02:00:00,21.23,,,0.342,,,26.72,98.996,0.53,
2025-09-23 02:15:00,20.85,,,0.306,,,26.47,98.995,0.2,
2025-09-23 02:30:00,20.8,,,0.29,,,26.34,98.996,1.02,
2025-09-23 02:45:00,20.8,,,0.295,,,26.3,98.999,0.23,
2025-09-23 03:00:00,20.8,,,0.293,,,26.3,98.996,0.49,
2025-09-23 03:15:00,18.59,,,0.301,,,26.28,98.995,0.73,
2025-09-23 03:30:00,18.32,,,0.298,,,26.28,98.994,0.36,
2025-09-23 03:45:00,18.32,,,0.347,,,26.26,98.995,0.26,
2025-09-23 04:00:00,18.32,,,0.276,,,26.11,98.996,0.19,
2025-09-23 04:15:00,16.26,,,0.232,,,25.93,98.995,0.67,
2025-09-23 04:30:00,16.0,,,0.237,,,25.92,98.993,0.88,
2025-09-23 04:45:00,16.0,,,0.249,,,25.97,98.994,1.17,
2025-09-23 05:00:00,16.0,,,0.254,,,26.03,98.995,1.1,
2025-09-23 05:15:00,14.83,,,0.256,,,26.07,98.993,0.31,
2025-09-23 05:30:00,14.68,,,0.265,,,26.15,98.993,0.5,
2025-09-23 05:45:00,14.68,,,0.281,,,26.21,98.996,0.17,
2025-09-23 06:00:00,14.68,,,0.289,,,26.21,98.994,0.57,
2025-09-23 06:15:00,13.45,,,0.288,,,26.32,98.992,0.23,
2025-09-23 06:30:00,13.29,,,0.291,,,26.37,98.991,0.23,
2025-09-23 06:45:00,13.29,,,0.29,,,26.47,98.993,0.19,
2025-09-23 07:00:00,13.29,,,0.3,,,26.52,98.995,0.25,
2025-09-23 07:15:00,13.0,,,0.312,,,26.48,98.994,0.7,
2025-09-23 07:30:00,12.96,,,0.298,,,26.51,98.994,1.18,
2025-09-23 07:45:00,12.96,,,0.313,,,26.57,98.994,1.02,
2025-09-23 08:00:00,12.96,,,0.292,,,26.55,98.994,1.06,
2025-09-23 08:15:00,13.09,,,0.296,,,26.54,98.993,1.13,
2025-09-23 08:30:00,13.11,,,0.347,,,26.6,98.995,1.18,
2025-09-23 08:45:00,13.11,,,0.361,,,26.67,98.997,0.69,
2025-09-23 09:00:00,13.11,,,0.359,,,26.72,98.992,0.84,
2025-09-23 09:15:00,12.35,,,0.333,,,26.82,98.995,0.83,
2025-09-23 09:30:00,12.26,,,0.325,,,27.18,98.996,0.98,
2025-09-23 09:45:00,12.26,,,0.336,,,27.47,98.994,0.75,
2025-09-23 10:00:00,12.26,,,0.392,,,27.39,98.988,0.44,
2025-09-23 10:15:00,12.21,,,0.381,,,27.62,98.988,0.37,
2025-09-23 10:30:00,12.21,,,0.332,,,27.76,98.989,0.39,
2025-09-23 10:45:00,12.21,,,0.342,,,27.86,99.0,0.45,
2025-09-23 11:00:00,12.21,,,0.369,,,28.29,99.004,0.72,
2025-09-23 11:15:00,12.46,,,0.381,,,28.67,99.006,0.65,
2025-09-23 11:30:00,12.49,,,0.345,,,28.45,98.997,0.64,
2025-09-23 11:45:00,12.49,,,0.331,,,28.52,98.995,0.49,
2025-09-23 12:00:00,12.49,,,0.318,,,29.0,99.008,0.5,
2025-09-23 12:15:00,12.93,,,0.305,,,29.21,99.018,0.18,
2025-09-23 12:30:00,12.99,,,0.493,,,28.69,99.002,0.46,
2025-09-23 12:45:00,12.99,,,0.316,,,28.47,99.003,0.58,
2025-09-23 13:00:00,12.99,,,0.294,,,28.46,99.0,0.04,
2025-09-23 13:15:00,15.85,,,0.433,,,28.42,99.004,0.29,
2025-09-23 13:30:00,16.21,,,0.328,,,28.83,99.004,0.39,
2025-09-23 13:45:00,16.21,,,0.292,,,28.9,98.997,0.38,
2025-09-23 14:00:00,16.21,,,0.304,,,28.97,98.997,0.33,
2025-09-23 14:15:00,15.17,,,0.309,,,29.54,99.011,0.09,
2025-09-23 14:30:00,15.04,,,0.325,,,29.4,98.996,0.35,
2025-09-23 14:45:00,15.04,,,0.307,,,29.02,99.011,0.05,
2025-09-23 15:00:00,15.04,,,0.351,,,28.89,98.999,0.25,
2025-09-23 15:15:00,14.5,,,0.341,,,28.86,98.989,0.18,
2025-09-23 15:30:00,14.43,,,0.332,,,28.65,98.993,0.04,
2025-09-23 15:45:00,14.43,,,0.312,,,28.65,99.002,0.16,
2025-09-23 16:00:00,14.43,,,0.282,,,28.61,99.003,0.32,
2025-09-23 16:15:00,16.44,,,0.289,,,28.65,98.991,0.19,
2025-09-23 16:30:00,16.69,,,0.3,,,28.56,98.993,0.11,
2025-09-23 16:45:00,16.69,,,0.293,,,28.32,99.005,0.14,
2025-09-23 17:00:00,16.69,,,0.316,,,28.22,99.005,0.26,
2025-09-23 17:15:00,15.45,,,0.378,,,28.24,98.998,0.23,
2025-09-23 17:30:00,15.3,,,0.436,,,28.16,98.99,0.22,
2025-09-23 17:45:00,15.3,,,0.377,,,28.09,98.985,0.46,
2025-09-23 18:00:00,15.3,,,0.397,,,27.93,98.985,0.39,
2025-09-23 18:15:00,14.13,,,0.343,,,27.84,98.987,0.17,
2025-09-23 18:30:00,13.99,,,0.381,,,27.84,98.991,0.03,
2025-09-23 18:45:00,13.99,,,0.447,,,27.81,98.994,0.2,
2025-09-23 19:00:00,13.99,,,0.475,,,27.73,98.999,0.25,
2025-09-23 19:15:00,16.02,,,0.4,,,27.64,99.003,0.24,
2025-09-23 19:30:00,16.27,,,0.403,,,27.64,99.002,0.24,
2025-09-23 19:45:00,,,,0.483,,,0.0,,0.21,
2025-09-23 20:00:00,16.27,,,0.566,,,27.61,98.99,0.24,
2025-09-23 20:15:00,18.59,,,0.712,,,27.58,98.982,0.18,
2025-09-23 20:30:00,18.88,,,0.714,,,27.5,98.985,0.26,
2025-09-23 20:45:00,18.88,,,0.717,,,27.44,98.987,0.26,
2025-09-23 21:00:00,18.88,,,0.729,,,27.41,98.986,0.19,
2025-09-23 21:15:00,17.54,,,0.734,,,27.4,98.988,0.23,
2025-09-23 21:30:00,17.37,,,0.688,,,27.33,98.995,0.16,
2025-09-23 21:45:00,17.37,,,0.682,,,27.34,99.001,0.16,
2025-09-23 22:00:00,17.37,,,0.521,,,27.26,99.008,0.21,
2025-09-23 22:15:00,16.69,,,0.478,,,27.25,99.006,0.25,
2025-09-23 22:30:00,16.6,,,0.519,,,27.3,99.009,0.07,
2025-09-23 22:45:00,16.6,,,0.552,,,27.33,99.006,0.15,
2025-09-23 23:00:00,16.6,,,0.539,,,27.31,99.009,0.22,
2025-09-23 23:15:00,18.29,,,0.503,,,27.26,99.009,0.28,
2025-09-23 23:30:00,18.5,,,0.499,,,27.25,99.007,0.24,
2025-09-24 00:45:00,17.08,,,0.567,,,27.1,98.99,0.24,
2025-09-24 01:00:00,17.08,,,0.648,,,27.07,98.993,0.24,
2025-09-24 01:15:00,16.02,,,0.671,,,27.04,99.0,0.14,
2025-09-24 01:30:00,15.88,,,0.679,,,27.0,99.008,0.25,
2025-09-24 01:45:00,15.88,,,0.668,,,26.96,98.996,0.25,
2025-09-24 02:00:00,15.88,,,0.652,,,26.95,98.994,0.24,
2025-09-24 02:15:00,17.33,,,0.612,,,26.92,99.007,0.19,
2025-09-24 02:30:00,17.51,,,0.603,,,26.91,98.994,0.2,
2025-09-24 02:45:00,17.51,,,0.596,,,26.88,99.001,0.21,
2025-09-24 03:00:00,17.51,,,0.574,,,26.92,98.992,0.27,
2025-09-24 03:15:00,22.17,,,0.556,,,26.91,99.008,0.21,
2025-09-24 03:30:00,22.75,,,0.527,,,26.83,98.994,0.22,
2025-09-24 03:45:00,22.75,,,0.472,,,26.89,99.004,0.2,
2025-09-24 04:00:00,22.75,,,0.47,,,26.84,98.998,0.27,
2025-09-24 04:15:00,20.23,,,0.458,,,26.83,99.0,0.26,
2025-09-24 04:30:00,19.91,,,0.449,,,26.81,98.999,0.23,
2025-09-24 04:45:00,19.91,,,0.441,,,26.79,99.0,0.27,
2025-09-24 05:00:00,19.91,,,0.433,,,26.81,98.996,0.26,
2025-09-24 05:15:00,17.42,,,0.427,,,26.76,99.0,0.2,
2025-09-24 05:30:00,17.1,,,0.423,,,26.88,98.993,0.2,
2025-09-24 05:45:00,17.1,,,0.396,,,27.05,99.0,0.28,
2025-09-24 06:00:00,17.1,,,0.365,,,27.32,99.002,0.1,
2025-09-24 06:15:00,16.8,,,0.321,,,27.68,98.996,0.15,
2025-09-24 06:30:00,16.76,,,0.287,,,28.09,98.996,0.28,
2025-09-24 06:45:00,16.76,,,0.27,,,28.37,98.995,0.38,
2025-09-24 07:00:00,16.76,,,0.231,,,28.72,98.999,0.35,
2025-09-24 07:15:00,20.95,,,0.237,,,28.93,99.01,0.37,
2025-09-24 07:30:00,21.47,,,0.204,,,29.22,99.01,0.34,
2025-09-24 07:45:00,21.47,,,0.207,,,29.49,99.002,0.94,
2025-09-24 08:00:00,21.47,,,0.195,,,30.01,99.023,0.91,
2025-09-24 08:15:00,19.13,,,0.201,,,29.95,99.029,0.51,
2025-09-24 08:30:00,18.84,,,0.198,,,30.07,99.036,0.67,
2025-09-24 08:45:00,18.84,,,0.192,,,30.64,99.051,0.83,
2025-09-24 09:00:00,18.84,,,0.188,,,30.87,99.058,0.84,
2025-09-24 09:15:00,17.98,,,0.192,,,31.42,99.016,0.95,
2025-09-24 09:30:00,17.87,,,0.202,,,31.25,98.986,0.85,
2025-09-24 09:45:00,17.87,,,0.197,,,31.38,91.059,1.85,
2025-09-24 10:00:00,17.87,,,0.193,,,31.54,86.414,0.73,
2025-09-24 10:15:00,17.71,,,0.222,,,31.87,80.753,1.03,
2025-09-24 10:30:00,17.68,,,0.198,,,32.16,76.953,1.37,
2025-09-24 10:45:00,17.68,,,0.32,,,32.2,75.084,1.17,
2025-09-24 11:00:00,17.68,,,0.194,,,32.34,75.024,1.14,
2025-09-24 11:15:00,15.5,,,0.192,,,32.69,73.984,0.83,
2025-09-24 11:45:00,15.22,,,0.189,,,32.82,73.5,1.01,
2025-09-24 12:00:00,15.22,,,0.345,,,31.81,80.9,0.09,
2025-09-24 12:45:00,18.92,,,0.313,,,28.82,98.994,0.24,
2025-09-24 13:00:00,18.92,,,0.253,,,29.11,99.006,0.31,
2025-09-24 13:15:00,17.94,,,0.303,,,29.16,99.007,0.25,
2025-09-24 13:30:00,17.82,,,0.281,,,29.2,99.005,0.36,
2025-09-24 13:45:00,17.82,,,0.272,,,29.24,98.991,0.22,
2025-09-24 14:00:00,17.82,,,0.255,,,29.36,99.0,0.42,
2025-09-24 14:15:00,16.97,,,0.234,,,29.86,99.022,0.77,
2025-09-24 14:30:00,16.86,,,0.206,,,30.31,99.041,0.89,
2025-09-24 14:45:00,16.86,,,0.195,,,30.27,99.045,0.85,
2025-09-24 15:00:00,16.86,,,0.196,,,30.35,99.051,1.03,
2025-09-24 15:15:00,15.96,,,0.192,,,30.56,99.064,0.91,
2025-09-24 15:30:00,15.85,,,0.199,,,30.58,99.069,0.94,
2025-09-24 15:45:00,15.85,,,0.204,,,30.43,99.064,0.18,
2025-09-24 16:00:00,15.85,,,0.229,,,30.28,99.05,0.29,
2025-09-24 16:15:00,17.0,,,0.213,,,30.14,99.058,0.45,
2025-09-24 16:30:00,17.14,,,0.227,,,29.81,99.044,0.3,
2025-09-24 16:45:00,17.14,,,0.235,,,29.67,99.046,0.17,
2025-09-24 17:00:00,17.14,,,0.23,,,29.46,99.04,0.25,
2025-09-24 17:15:00,15.15,,,0.274,,,29.15,99.037,0.27,
2025-09-24 17:30:00,14.91,,,0.326,,,28.86,99.038,0.19,
2025-09-24 17:45:00,14.91,,,0.359,,,28.72,99.031,0.13,
2025-09-24 18:00:00,14.91,,,0.499,,,28.65,99.029,0.26,
2025-09-24 18:15:00,17.15,,,0.472,,,28.58,99.017,0.29,
2025-09-24 18:30:00,,,,0.539,,,,,,
2025-09-24 18:45:00,17.43,,,0.665,,,28.66,99.008,0.1,
2025-09-24 19:00:00,17.43,,,0.647,,,28.67,99.007,0.22,
2025-09-24 19:15:00,18.33,,,0.569,,,28.71,99.001,0.08,
2025-09-24 19:30:00,18.44,,,0.557,,,28.72,99.004,0.24,
2025-09-24 20:15:00,16.24,,,0.348,,,28.2,98.985,0.11,
2025-09-24 20:30:00,15.96,,,0.491,,,28.15,98.985,0.07,
2025-09-24 20:45:00,15.96,,,0.653,,,28.15,98.984,0.23,
2025-09-24 21:00:00,15.96,,,0.903,,,28.12,98.99,0.19,
2025-09-24 21:15:00,15.24,,,1.037,,,28.07,98.993,0.29,
2025-09-24 21:30:00,15.15,,,0.794,,,27.98,98.994,0.29,
2025-09-24 21:45:00,15.15,,,0.862,,,27.95,98.992,0.31,
2025-09-24 22:00:00,15.15,,,0.695,,,27.93,98.993,0.27,
2025-09-24 22:15:00,13.99,,,0.745,,,27.93,98.999,0.28,
2025-09-24 22:30:00,13.85,,,0.758,,,27.93,99.002,0.29,
2025-09-24 22:45:00,13.85,,,0.801,,,27.96,98.995,0.26,
2025-09-24 23:00:00,13.85,,,1.032,,,28.0,98.99,0.25,
2025-09-24 23:15:00,14.79,,,1.142,,,28.02,98.993,0.3,
2025-09-24 23:30:00,14.91,,,0.942,,,27.99,98.992,0.26,
2025-09-25 00:45:00,17.37,,,0.925,,,27.93,98.99,0.17,
2025-09-25 01:00:00,17.37,,,0.947,,,27.9,98.997,0.23,
2025-09-25 01:15:00,18.37,,,0.737,,,27.84,98.998,0.25,
2025-09-25 01:30:00,18.49,,,0.808,,,27.78,98.997,0.28,
2025-09-25 01:45:00,18.49,,,0.742,,,27.75,99.0,0.28,
2025-09-25 02:00:00,18.49,,,0.628,,,27.73,98.999,0.28,
2025-09-25 02:15:00,16.31,,,0.58,,,27.64,98.998,0.29,
2025-09-25 02:30:00,16.04,,,0.572,,,27.6,98.995,0.29,
2025-09-25 02:45:00,16.04,,,0.595,,,27.6,98.993,0.29,
2025-09-25 03:00:00,16.04,,,0.599,,,27.55,98.988,0.29,
2025-09-25 03:15:00,15.16,,,0.551,,,27.52,98.985,0.1,
2025-09-25 03:30:00,15.05,,,0.564,,,27.5,98.987,0.22,
2025-09-25 03:45:00,15.05,,,0.536,,,27.47,98.993,0.07,
2025-09-25 04:00:00,15.05,,,0.468,,,27.53,98.999,0.18,
2025-09-25 04:15:00,16.0,,,0.4,,,27.52,99.006,0.13,
2025-09-25 04:30:00,16.12,,,0.382,,,27.6,99.005,0.15,
2025-09-25 04:45:00,16.12,,,0.352,,,27.58,99.005,0.21,
2025-09-25 05:00:00,16.12,,,0.326,,,27.52,99.004,0.22,
2025-09-25 05:15:00,15.37,,,0.316,,,27.53,99.002,0.2,
2025-09-25 05:30:00,15.27,,,0.35,,,27.54,98.994,0.15,
2025-09-25 05:45:00,15.27,,,0.358,,,27.6,98.985,0.28,
2025-09-25 06:00:00,15.27,,,0.399,,,27.79,98.982,0.26,
2025-09-25 06:15:00,17.5,,,0.402,,,28.14,98.98,0.3,
2025-09-25 06:30:00,17.78,,,0.432,,,28.45,98.979,0.13,
2025-09-25 06:45:00,17.78,,,0.374,,,28.82,98.976,0.13,
2025-09-25 07:00:00,17.78,,,0.296,,,29.18,98.987,0.15,
2025-09-25 07:15:00,18.84,,,0.287,,,29.51,99.0,0.07,
2025-09-25 07:30:00,18.97,,,0.251,,,29.68,99.015,0.14,
2025-09-25 07:45:00,18.97,,,0.226,,,29.96,99.016,0.15,
2025-09-25 08:00:00,18.97,,,0.221,,,30.27,99.03,0.36,
2025-09-25 08:15:00,21.89,,,0.227,,,30.67,99.04,0.1,
2025-09-25 08:30:00,22.25,,,0.192,,,31.08,99.058,0.35,
2025-09-25 08:45:00,22.25,,,0.179,,,31.42,99.007,0.35,
2025-09-25 09:00:00,22.25,,,0.177,,,31.77,97.995,0.67,
2025-09-25 09:15:00,18.84,,,0.176,,,32.14,94.77,0.54,
2025-09-25 09:30:00,18.41,,,0.187,,,32.36,88.634,0.34,
2025-09-25 09:45:00,18.41,,,0.18,,,32.2,87.525,0.49,
2025-09-25 10:00:00,18.41,,,0.184,,,32.5,79.169,0.71,
2025-09-25 10:15:00,16.25,,,0.175,,,32.73,75.85,0.47,
2025-09-25 10:30:00,15.98,,,0.23,,,32.8,79.433,0.45,
2025-09-25 12:45:00,14.64,,,0.183,,,33.8,65.28,0.46,
2025-09-25 13:00:00,14.64,,,0.158,,,34.08,64.682,0.81,
2025-09-25 13:45:00,13.39,,,0.177,,,34.1,65.634,0.48,
2025-09-25 14:30:00,13.32,,,0.163,,,33.85,63.76,0.53,
2025-09-25 14:45:00,13.32,,,0.157,,,33.82,63.471,0.55,
2025-09-25 15:00:00,13.32,,,0.147,,,33.48,65.31,0.28,
2025-09-25 15:15:00,12.47,,,0.155,,,33.2,65.426,0.47,
2025-09-25 15:30:00,12.37,,,0.152,,,32.82,66.418,0.19,
2025-09-25 15:45:00,12.37,,,0.154,,,32.62,66.934,0.35,
2025-09-25 16:00:00,12.37,,,0.149,,,32.35,69.436,0.37,
2025-09-25 16:15:00,16.39,,,0.399,,,32.48,70.34,0.07,
2025-09-25 16:30:00,16.9,,,0.558,,,32.43,72.661,0.11,
2025-09-25 16:45:00,16.9,,,1.012,,,32.21,72.752,0.23,
2025-09-25 17:00:00,16.9,,,0.904,,,31.97,73.012,0.34,
2025-09-25 17:15:00,16.3,,,0.702,,,31.7,74.419,0.38,
2025-09-25 17:30:00,16.22,,,0.564,,,31.45,76.123,0.16,
2025-09-25 17:45:00,16.22,,,0.49,,,31.22,75.503,0.03,
2025-09-25 18:00:00,16.22,,,0.449,,,30.89,75.795,0.26,
2025-09-25 18:15:00,15.7,,,0.484,,,30.57,79.293,0.32,
2025-09-25 18:30:00,15.63,,,0.522,,,30.11,86.077,0.25,
2025-09-25 18:45:00,15.63,,,0.594,,,30.04,88.2,0.2,
2025-09-25 19:00:00,15.63,,,0.564,,,30.09,84.431,0.29,
2025-09-25 19:15:00,25.73,,,0.469,,,30.18,83.285,0.31,
2025-09-25 19:30:00,26.99,,,0.271,,,30.45,92.794,0.29,
2025-09-25 19:45:00,26.99,,,0.26,,,30.48,99.034,0.4,
2025-09-25 20:00:00,26.99,,,0.254,,,29.85,99.027,0.85,
2025-09-25 20:15:00,22.8,,,0.192,,,28.55,98.993,1.42,
2025-09-25 20:30:00,22.28,,,0.193,,,28.05,98.992,0.31,
2025-09-25 20:45:00,22.28,,,0.219,,,27.98,98.995,0.23,
2025-09-25 21:00:00,22.28,,,0.324,,,27.9,98.998,0.07,
2025-09-25 21:15:00,19.66,,,0.353,,,27.8,98.998,0.02,
2025-09-25 21:30:00,19.33,,,0.344,,,27.85,98.993,0.12,
2025-09-25 21:45:00,19.33,,,0.32,,,27.83,98.996,0.07,
2025-09-25 22:00:00,19.33,,,0.354,,,27.8,98.997,0.25,
2025-09-25 22:15:00,16.81,,,0.439,,,27.75,98.991,0.26,
2025-09-25 22:30:00,16.5,,,0.445,,,27.76,98.991,0.25,
2025-09-25 22:45:00,16.5,,,0.404,,,27.82,98.984,0.12,
2025-09-25 23:00:00,16.5,,,0.44,,,27.88,98.987,0.1,
2025-09-25 23:15:00,15.51,,,0.479,,,27.99,98.983,0.04,
2025-09-25 23:30:00,15.39,,,0.521,,,27.99,98.982,0.21,
2025-09-26 00:45:00,14.81,,,0.643,,,28.04,98.98,0.28,
2025-09-26 01:00:00,14.81,,,0.694,,,28.04,98.981,0.33,
2025-09-26 01:15:00,13.91,,,0.706,,,28.05,98.981,0.29,
2025-09-26 01:45:00,13.8,,,0.627,,,28.02,98.983,0.29,
2025-09-26 02:00:00,13.8,,,0.62,,,28.03,98.986,0.21,
2025-09-26 02:15:00,13.53,,,0.696,,,28.04,98.982,0.13,
2025-09-26 02:30:00,13.49,,,0.786,,,28.08,98.986,0.29,
2025-09-26 02:45:00,13.49,,,0.788,,,28.05,98.985,0.31,
2025-09-26 03:00:00,13.49,,,0.744,,,28.04,98.984,0.29,
2025-09-26 03:15:00,16.5,,,0.742,,,28.06,98.98,0.06,
2025-09-26 03:30:00,16.88,,,0.714,,,28.14,98.983,0.18,
2025-09-26 03:45:00,16.88,,,0.581,,,28.0,98.983,0.26,
2025-09-26 04:00:00,16.88,,,0.549,,,27.89,98.984,0.27,
2025-09-26 04:15:00,19.02,,,0.493,,,27.8,98.985,0.26,
2025-09-26 04:30:00,19.29,,,0.489,,,27.76,98.986,0.23,
2025-09-26 04:45:00,19.29,,,0.493,,,27.8,98.986,0.07,
2025-09-26 05:00:00,19.29,,,0.441,,,27.82,98.986,0.04,
2025-09-26 05:15:00,19.75,,,0.412,,,27.78,98.986,0.09,
2025-09-26 05:30:00,19.81,,,0.425,,,27.76,98.986,0.1,
2025-09-26 05:45:00,19.81,,,0.405,,,27.82,98.986,0.13,
2025-09-26 06:00:00,19.81,,,0.388,,,27.91,98.988,0.09,
2025-09-26 06:15:00,21.11,,,0.38,,,28.07,98.984,0.03,
2025-09-26 06:30:00,21.27,,,0.347,,,28.25,98.983,0.18,
2025-09-26 06:45:00,21.27,,,0.301,,,28.61,98.971,0.26,
2025-09-26 07:00:00,21.27,,,0.273,,,29.07,98.977,0.39,
2025-09-26 07:15:00,18.71,,,0.24,,,29.66,98.994,0.31,
2025-09-26 07:30:00,18.39,,,0.234,,,29.77,98.991,0.29,
2025-09-26 07:45:00,18.39,,,0.213,,,30.58,99.007,0.37,
2025-09-26 08:00:00,18.39,,,0.202,,,30.67,99.016,0.18,
2025-09-26 08:15:00,19.87,,,0.205,,,31.04,99.019,0.33,
2025-09-26 09:15:00,19.5,,,0.163,,,32.05,99.054,0.81,
2025-09-26 09:30:00,19.43,,,0.168,,,32.37,96.07,0.96,
2025-09-26 10:15:00,17.72,,,0.163,,,32.71,83.369,0.45,
2025-09-26 10:30:00,17.51,,,0.193,,,32.87,89.446,0.19,
2025-09-26 10:45:00,17.51,,,0.183,,,32.76,84.224,0.32,
2025-09-26 11:00:00,17.51,,,0.173,,,32.96,75.599,1.09,
2025-09-26 11:15:00,15.91,,,0.17,,,32.98,73.259,0.87,
2025-09-26 11:30:00,15.71,,,0.161,,,33.28,70.453,1.45,
2025-09-26 11:45:00,15.71,,,0.16,,,33.44,69.04,2.16,
2025-09-26 12:00:00,15.71,,,0.16,,,33.63,68.41,1.3,
2025-09-26 12:15:00,17.05,,,0.153,,,33.95,64.173,1.32,
2025-09-26 12:30:00,17.21,,,0.161,,,33.84,65.342,0.44,
2025-09-26 12:45:00,17.21,,,0.162,,,33.55,65.676,1.46,
2025-09-26 13:00:00,17.21,,,0.168,,,33.22,66.757,1.75,
2025-09-26 13:15:00,16.92,,,0.163,,,33.06,67.936,1.39,
2025-09-26 13:30:00,16.88,,,0.166,,,33.26,68.285,1.31,
2025-09-26 13:45:00,16.88,,,0.158,,,32.99,68.475,1.31,
2025-09-26 14:00:00,16.88,,,0.166,,,32.45,70.192,1.55,
2025-09-26 14:15:00,14.83,,,0.157,,,31.15,76.451,1.29,
2025-09-26 14:30:00,14.58,,,0.159,,,29.48,97.353,0.5,
2025-09-26 14:45:00,14.58,,,0.172,,,29.48,98.982,1.01,
2025-09-26 15:00:00,14.58,,,0.153,,,28.77,98.976,0.88,
2025-09-26 15:15:00,13.72,,,0.16,,,28.51,98.98,0.7,
2025-09-26 15:45:00,13.61,,,0.186,,,28.62,98.986,0.71,
2025-09-26 19:30:00,15.17,,,0.247,,,29.23,99.0,1.48,
2025-09-26 19:45:00,15.17,,,0.212,,,29.28,98.998,1.11,
2025-09-26 20:00:00,15.17,,,0.189,,,29.27,99.002,1.16,
2025-09-26 20:15:00,14.64,,,0.193,,,29.18,98.998,0.87,
2025-09-26 20:30:00,14.58,,,0.19,,,29.07,98.995,1.3,
2025-09-26 20:45:00,14.58,,,0.211,,,29.06,98.999,1.31,
2025-09-26 21:00:00,14.58,,,0.202,,,29.05,99.005,0.94,
2025-09-26 21:15:00,14.37,,,0.198,,,29.11,99.002,0.97,
2025-09-26 21:30:00,14.35,,,0.187,,,29.06,98.994,1.01,
2025-09-26 21:45:00,14.35,,,0.173,,,29.01,98.992,0.71,
2025-09-26 22:00:00,14.35,,,0.171,,,28.98,98.985,0.73,
2025-09-26 22:15:00,13.97,,,0.174,,,28.99,98.989,1.14,
2025-09-26 22:30:00,13.92,,,0.163,,,29.01,98.997,1.17,
2025-09-26 22:45:00,13.92,,,0.163,,,29.03,99.005,1.67,
2025-09-26 23:00:00,13.92,,,0.157,,,29.01,99.002,1.2,
2025-09-26 23:15:00,13.74,,,0.158,,,28.98,98.998,0.96,
2025-09-26 23:30:00,13.72,,,0.155,,,28.98,98.989,1.16,
2025-09-27 01:45:00,13.02,,,0.14,,,27.5,98.969,0.63,
2025-09-27 02:00:00,13.02,,,0.124,,,27.39,98.974,0.18,
2025-09-27 02:15:00,12.63,,,0.124,,,27.5,98.979,0.81,
2025-09-27 02:30:00,12.58,,,0.127,,,27.61,98.978,0.73,
2025-09-27 02:45:00,12.58,,,0.134,,,27.72,98.973,0.93,
2025-09-27 03:00:00,12.58,,,0.126,,,27.8,98.962,0.93,
2025-09-27 03:15:00,12.35,,,0.122,,,27.91,98.965,1.17,
2025-09-27 03:30:00,12.33,,,0.123,,,27.99,98.979,0.86,
2025-09-27 03:45:00,12.33,,,0.126,,,28.03,98.977,0.6,
2025-09-27 04:00:00,12.33,,,0.123,,,28.02,98.975,0.45,
2025-09-27 04:15:00,12.55,,,0.121,,,28.02,98.976,0.62,
2025-09-27 04:30:00,12.58,,,0.127,,,28.06,98.972,1.14,
2025-09-27 04:45:00,12.58,,,0.132,,,28.1,98.966,1.03,
2025-09-27 05:00:00,12.58,,,0.14,,,28.16,98.964,0.73,
2025-09-27 05:15:00,12.57,,,0.138,,,28.21,98.962,0.85,
2025-09-27 05:30:00,12.57,,,0.152,,,28.24,98.964,1.24,
2025-09-27 05:45:00,12.57,,,0.152,,,28.34,98.97,0.53,
2025-09-27 06:00:00,12.57,,,0.166,,,28.41,98.971,0.87,
2025-09-27 06:15:00,13.28,,,0.166,,,28.79,98.972,0.92,
2025-09-27 06:30:00,13.37,,,0.158,,,29.08,98.98,1.16,
2025-09-27 06:45:00,13.37,,,0.143,,,29.37,98.985,1.05,
2025-09-27 07:00:00,13.37,,,0.135,,,30.1,99.006,1.05,
2025-09-27 07:15:00,13.19,,,0.13,,,30.48,99.009,0.78,
2025-09-27 07:30:00,13.17,,,0.126,,,30.62,99.014,0.91,
2025-09-27 07:45:00,13.17,,,0.125,,,30.73,99.02,0.55,
2025-09-27 08:00:00,13.17,,,0.123,,,30.72,99.025,0.94,
2025-09-27 08:15:00,13.07,,,0.123,,,30.82,99.029,0.69,
2025-09-27 08:30:00,13.06,,,0.123,,,31.15,99.038,0.61,
2025-09-27 08:45:00,13.06,,,0.12,,,31.37,99.039,0.54,
2025-09-27 09:00:00,13.06,,,0.121,,,31.76,99.043,0.88,
2025-09-27 09:15:00,12.96,,,0.133,,,31.93,99.053,1.01,
2025-09-27 09:30:00,12.94,,,0.136,,,32.15,99.061,0.66,
2025-09-27 09:45:00,12.94,,,0.141,,,32.5,98.1,1.02,
2025-09-27 10:00:00,12.94,,,0.138,,,32.57,91.844,0.54,
2025-09-27 10:15:00,12.84,,,0.146,,,32.34,95.641,0.54,
2025-09-27 10:30:00,12.83,,,0.162,,,32.12,95.705,1.04,
2025-09-27 10:45:00,12.83,,,0.16,,,32.03,93.341,0.62,
2025-09-27 11:00:00,12.83,,,0.151,,,31.42,99.032,0.33,
2025-09-27 11:15:00,12.73,,,0.163,,,31.91,98.212,0.56,
2025-09-27 11:30:00,12.72,,,0.144,,,32.23,81.638,0.71,
2025-09-27 11:45:00,12.72,,,0.17,,,31.13,95.944,0.2,
2025-09-27 12:00:00,12.72,,,0.174,,,31.11,99.026,0.04,
2025-09-27 12:15:00,12.69,,,0.179,,,31.6,98.913,0.16,
2025-09-27 12:30:00,12.68,,,0.155,,,31.92,91.834,0.24,
2025-09-27 12:45:00,12.68,,,,,,32.25,85.257,0.11,
2025-09-27 13:00:00,12.68,,,0.323,,,32.88,73.798,0.69,
2025-09-27 13:15:00,13.05,,,0.324,,,33.15,70.623,0.95,
2025-09-27 13:30:00,13.09,,,0.302,,,33.26,68.479,0.91,
2025-09-27 13:45:00,13.09,,,0.297,,,33.34,68.658,0.99,
2025-09-27 14:00:00,13.09,,,0.303,,,33.12,69.428,0.59,
2025-09-27 14:15:00,13.27,,,0.281,,,33.14,68.469,1.07,
2025-09-27 14:30:00,13.29,,,0.281,,,32.95,71.345,1.0,
2025-09-27 14:45:00,13.29,,,0.295,,,33.2,72.384,0.41,
2025-09-27 15:00:00,13.29,,,0.3,,,32.31,93.447,0.06,
2025-09-27 15:15:00,13.26,,,0.304,,,32.04,96.976,0.74,
2025-09-27 15:30:00,13.25,,,0.331,,,32.11,92.175,0.58,
2025-09-27 15:45:00,13.25,,,0.301,,,32.05,76.183,0.35,
2025-09-27 16:00:00,13.25,,,0.305,,,31.73,77.092,0.34,
2025-09-27 16:15:00,13.16,,,0.306,,,31.81,76.101,0.51,
2025-09-27 16:30:00,13.15,,,0.299,,,31.79,76.241,0.37,
2025-09-27 16:45:00,13.15,,,0.3,,,31.6,76.726,0.57,
2025-09-27 17:00:00,13.15,,,0.317,,,31.25,80.001,0.35,
2025-09-27 17:15:00,12.96,,,0.329,,,30.95,86.569,0.26,
2025-09-27 17:30:00,12.94,,,0.359,,,30.6,99.074,0.2,
2025-09-27 17:45:00,12.94,,,0.361,,,30.61,95.581,0.2,
2025-09-27 18:00:00,12.94,,,0.376,,,30.47,96.236,0.37,
2025-09-27 18:15:00,12.89,,,0.351,,,30.44,88.853,0.41,
2025-09-27 18:30:00,12.88,,,0.371,,,30.3,91.674,0.17,
2025-09-27 18:45:00,12.88,,,0.413,,,30.15,97.413,0.32,
2025-09-27 19:00:00,12.88,,,0.422,,,30.06,99.06,0.24,
2025-09-27 19:15:00,12.88,,,0.423,,,29.99,99.052,0.58,
2025-09-27 19:30:00,12.89,,,0.392,,,29.92,99.071,0.44,
2025-09-27 19:45:00,12.89,,,0.385,,,29.82,99.077,0.52,
2025-09-27 20:00:00,12.89,,,0.398,,,29.71,99.071,0.47,
2025-09-27 20:15:00,12.84,,,0.373,,,29.67,99.072,0.59,
2025-09-27 20:30:00,12.83,,,0.374,,,29.61,99.045,0.37,
2025-09-27 20:45:00,12.83,,,0.36,,,29.58,99.05,0.24,
2025-09-27 21:00:00,12.83,,,0.369,,,29.51,99.037,0.22,
2025-09-27 21:15:00,13.13,,,0.396,,,29.43,99.034,0.26,
2025-09-27 21:30:00,13.17,,,0.414,,,29.37,99.043,0.3,
2025-09-27 21:45:00,13.17,,,0.404,,,29.32,99.032,0.35,
2025-09-27 22:00:00,13.17,,,0.393,,,29.29,99.022,0.27,
2025-09-27 22:15:00,15.13,,,0.393,,,29.2,99.018,0.45,
2025-09-27 22:30:00,15.38,,,0.374,,,29.12,99.016,0.37,
2025-09-27 22:45:00,15.38,,,0.353,,,29.08,99.018,0.57,
2025-09-27 23:00:00,15.38,,,0.355,,,29.04,99.017,0.57,
2025-09-27 23:15:00,14.67,,,0.352,,,29.0,99.012,0.47,
2025-09-27 23:30:00,14.58,,,0.342,,,28.94,99.011,0.32,
2025-09-28 00:45:00,14.01,,,0.327,,,28.91,99.008,0.16,
2025-09-28 01:00:00,14.01,,,0.31,,,28.9,99.013,0.08,
2025-09-28 01:15:00,13.68,,,0.306,,,28.92,99.017,0.13,
2025-09-28 01:30:00,13.64,,,0.315,,,28.82,99.013,0.21,
2025-09-28 01:45:00,13.64,,,0.337,,,28.72,99.013,0.09,
2025-09-28 02:00:00,13.64,,,0.342,,,28.74,99.011,0.13,
2025-09-28 02:15:00,16.88,,,0.313,,,28.82,99.014,0.25,
2025-09-28 02:30:00,17.29,,,0.299,,,28.79,99.012,0.26,
2025-09-28 02:45:00,17.29,,,0.291,,,28.74,99.007,0.21,
2025-09-28 03:00:00,17.29,,,0.281,,,28.71,99.002,0.3,
2025-09-28 03:15:00,16.27,,,0.295,,,28.66,99.0,0.12,
2025-09-28 03:30:00,16.14,,,0.29,,,28.65,98.997,0.15,
2025-09-28 03:45:00,16.14,,,0.289,,,28.67,98.997,0.13,
2025-09-28 04:00:00,16.14,,,0.296,,,28.71,98.994,0.03,
2025-09-28 04:15:00,15.06,,,0.305,,,28.72,98.992,0.1,
2025-09-28 04:30:00,14.93,,,0.299,,,28.76,98.99,0.06,
2025-09-28 04:45:00,14.93,,,0.302,,,28.73,98.987,0.13,
2025-09-28 05:00:00,14.93,,,0.316,,,28.63,98.989,0.22,
2025-09-28 05:15:00,,,,0.31,,,,,,
2025-09-28 05:30:00,13.91,,,0.308,,,28.62,98.987,0.08,
2025-09-28 05:45:00,13.91,,,0.309,,,28.78,98.991,0.19,
2025-09-28 06:00:00,13.91,,,0.3,,,29.05,98.995,0.59,
2025-09-28 06:15:00,14.73,,,0.299,,,29.41,99.006,0.41,
2025-09-28 06:30:00,14.83,,,0.291,,,29.74,99.009,0.49,
2025-09-28 06:45:00,14.83,,,0.292,,,30.39,99.025,0.49,
2025-09-28 07:00:00,14.83,,,0.287,,,30.24,99.026,0.65,
2025-09-28 07:15:00,13.46,,,0.303,,,30.48,99.045,0.6,
2025-09-28 07:30:00,13.28,,,0.313,,,30.35,99.065,0.45,
2025-09-28 07:45:00,13.28,,,0.305,,,30.28,94.141,0.18,
2025-09-28 08:00:00,13.28,,,0.27,,,30.65,92.101,0.56,
2025-09-28 08:15:00,12.99,,,0.284,,,30.78,93.124,0.38,
2025-09-28 08:30:00,12.95,,,0.275,,,31.33,83.008,0.21,
2025-09-28 08:45:00,12.95,,,0.267,,,31.83,77.594,0.7,
2025-09-28 09:00:00,12.95,,,0.271,,,32.23,75.69,0.2,
2025-09-28 09:15:00,13.07,,,0.294,,,32.19,77.132,0.48,
2025-09-28 09:30:00,13.08,,,0.278,,,32.2,75.533,0.52,
2025-09-28 09:45:00,13.08,,,0.286,,,32.68,74.126,0.36,
2025-09-28 10:00:00,13.08,,,0.276,,,32.53,73.83,0.43,
2025-09-28 10:15:00,13.19,,,0.27,,,32.45,74.046,0.58,
2025-09-28 10:30:00,13.2,,,0.269,,,32.81,71.372,0.47,
2025-09-28 10:45:00,13.2,,,0.267,,,33.18,70.026,0.46,
2025-09-28 11:00:00,13.2,,,0.268,,,33.1,70.625,0.71,
2025-09-28 11:15:00,12.99,,,0.273,,,33.14,70.174,0.32,
2025-09-28 11:30:00,12.96,,,0.268,,,33.39,69.865,0.68,
2025-09-28 11:45:00,12.96,,,0.266,,,32.85,71.161,0.2,
2025-09-28 12:00:00,12.96,,,0.27,,,33.45,69.424,0.32,
2025-09-28 12:15:00,12.68,,,0.275,,,33.35,68.975,0.37,
2025-09-28 12:30:00,12.65,,,0.289,,,33.24,69.348,0.46,
2025-09-28 12:45:00,12.65,,,0.28,,,33.61,67.252,0.4,
2025-09-28 13:00:00,12.65,,,0.278,,,33.34,67.159,0.48,
2025-09-28 13:15:00,12.31,,,0.287,,,32.9,68.876,0.49,
2025-09-28 13:30:00,12.27,,,0.284,,,32.98,66.99,0.94,
2025-09-28 13:45:00,12.27,,,0.28,,,33.54,65.111,0.82,
2025-09-28 14:00:00,12.27,,,0.273,,,33.63,64.523,0.46,
2025-09-28 14:15:00,12.18,,,0.29,,,33.36,66.947,0.5,
2025-09-28 14:30:00,12.17,,,0.289,,,33.49,68.543,0.12,
2025-09-28 14:45:00,12.17,,,0.311,,,34.42,71.213,0.13,
2025-09-28 15:00:00,12.17,,,0.303,,,33.04,89.286,0.19,
2025-09-28 15:15:00,13.74,,,0.284,,,31.94,97.726,0.58,
2025-09-28 15:30:00,13.94,,,0.284,,,31.16,99.001,0.26,
2025-09-28 15:45:00,13.94,,,0.293,,,30.84,99.063,0.16,
2025-09-28 16:00:00,13.94,,,0.295,,,30.77,99.064,0.26,
2025-09-28 16:15:00,13.59,,,0.323,,,30.67,99.055,0.15,
2025-09-28 16:30:00,13.55,,,0.341,,,30.49,99.036,0.16,
2025-09-28 16:45:00,13.55,,,0.355,,,30.46,99.039,0.2,
2025-09-28 17:00:00,13.55,,,0.351,,,30.48,99.04,0.16,
2025-09-28 17:15:00,13.83,,,0.347,,,30.33,99.035,0.35,
2025-09-28 17:30:00,13.86,,,0.345,,,30.25,99.04,0.14,
2025-09-28 17:45:00,13.86,,,0.368,,,30.19,99.036,0.17,
2025-09-28 18:00:00,13.86,,,0.371,,,30.13,99.031,0.12,
2025-09-28 18:15:00,14.99,,,0.385,,,30.02,99.028,0.09,
2025-09-28 18:30:00,15.13,,,0.397,,,30.04,99.03,0.02,
2025-09-28 18:45:00,15.13,,,0.402,,,29.91,99.025,0.05,
2025-09-28 19:00:00,15.13,,,0.412,,,29.8,99.025,0.19,
2025-09-28 19:15:00,14.46,,,0.42,,,29.7,99.016,0.11,
2025-09-28 19:30:00,14.37,,,0.474,,,29.72,99.024,0.08,
2025-09-28 19:45:00,14.37,,,0.447,,,29.7,99.025,0.13,
2025-09-28 21:45:00,13.12,,,0.399,,,29.39,99.035,0.12,
2025-09-28 22:00:00,13.12,,,0.402,,,29.32,99.028,0.13,
2025-09-28 22:15:00,13.5,,,0.398,,,29.3,99.017,0.11,
2025-09-28 22:30:00,13.55,,,0.417,,,29.27,99.012,0.11,
2025-09-28 22:45:00,13.55,,,0.395,,,29.18,99.012,0.03,
2025-09-28 23:00:00,13.55,,,0.398,,,29.07,99.017,0.21,
2025-09-28 23:15:00,13.14,,,0.401,,,28.96,99.019,0.05,
2025-09-28 23:30:00,13.09,,,0.39,,,28.86,99.019,0.07,
2025-09-29 00:45:00,12.89,,,0.365,,,28.62,98.999,0.02,
2025-09-29 01:00:00,12.89,,,0.348,,,28.54,99.0,0.28,
2025-09-29 01:15:00,12.37,,,0.374,,,28.52,98.999,0.16,
2025-09-29 01:30:00,12.3,,,0.393,,,28.51,99.0,0.25,
2025-09-29 01:45:00,12.3,,,0.377,,,28.49,99.0,0.16,
2025-09-29 02:00:00,12.3,,,0.364,,,28.48,98.996,0.27,
2025-09-29 02:15:00,12.35,,,0.476,,,28.43,98.996,0.25,
2025-09-29 02:30:00,12.35,,,0.522,,,28.35,98.99,0.29,
2025-09-29 02:45:00,12.35,,,0.588,,,28.36,98.991,0.23,
2025-09-29 03:00:00,12.35,,,0.427,,,28.28,98.998,0.27,
2025-09-29 03:15:00,12.36,,,0.369,,,28.28,99.004,0.18,
2025-09-29 03:30:00,12.36,,,0.447,,,28.2,99.005,0.22,
2025-09-29 03:45:00,12.36,,,0.514,,,28.16,99.006,0.25,
2025-09-29 04:00:00,12.36,,,0.428,,,28.08,99.003,0.27,
2025-09-29 04:15:00,12.03,,,0.372,,,28.01,98.999,0.25,
2025-09-29 04:30:00,11.99,,,0.373,,,28.05,98.99,0.19,
2025-09-29 04:45:00,11.99,,,0.458,,,27.95,98.995,0.26,
2025-09-29 05:00:00,11.99,,,0.37,,,27.95,98.994,0.21,
2025-09-29 05:15:00,12.14,,,0.456,,,27.95,98.992,0.26,
2025-09-29 05:30:00,12.16,,,0.502,,,28.0,98.991,0.2,
2025-09-29 05:45:00,12.16,,,0.487,,,28.16,98.991,0.27,
2025-09-29 06:00:00,12.16,,,0.459,,,28.46,98.99,0.25,
2025-09-29 06:15:00,12.13,,,0.508,,,29.06,99.002,0.11,
2025-09-29 06:30:00,12.12,,,0.44,,,29.64,99.031,0.06,
2025-09-29 06:45:00,12.12,,,0.398,,,31.48,91.319,0.22,
2025-09-29 07:00:00,12.12,,,0.369,,,30.55,98.079,0.37,
2025-09-29 07:15:00,13.32,,,0.35,,,30.34,99.04,0.14,
2025-09-29 07:30:00,13.47,,,0.342,,,30.62,97.87,0.53,
2025-09-29 07:45:00,13.47,,,0.322,,,31.12,90.237,0.1,
2025-09-29 08:15:00,14.04,,,0.357,,,31.01,98.977,0.21,
2025-09-29 08:30:00,14.12,,,0.375,,,31.49,92.489,0.11,
2025-09-29 08:45:00,14.12,,,0.369,,,31.35,84.91,0.17,
2025-09-29 09:00:00,14.12,,,0.38,,,31.25,90.81,0.17,
2025-09-29 09:15:00,13.79,,,0.389,,,31.04,97.995,0.18,
2025-09-29 09:30:00,13.75,,,0.403,,,31.73,86.246,0.24,
2025-09-29 09:45:00,13.75,,,0.369,,,32.73,70.806,0.71,
2025-09-29 10:00:00,13.75,,,0.361,,,32.5,72.247,0.34,
2025-09-29 10:15:00,14.56,,,0.38,,,31.95,78.307,0.14,
2025-09-29 10:30:00,14.66,,,0.412,,,32.56,77.464,0.07,
2025-09-29 10:45:00,14.66,,,0.352,,,33.38,68.25,0.37,
2025-09-29 11:00:00,14.66,,,0.327,,,33.48,66.754,0.95,
2025-09-29 11:15:00,16.76,,,0.322,,,33.74,65.331,0.55,
2025-09-29 11:30:00,17.03,,,0.317,,,33.55,65.029,0.62,
2025-09-29 11:45:00,17.03,,,0.323,,,33.02,68.118,0.16,
2025-09-29 12:00:00,17.03,,,,,,33.58,66.273,,
2025-09-29 12:15:00,15.22,,,0.307,,,33.85,63.423,0.39,
2025-09-29 12:30:00,14.99,,,0.319,,,33.15,64.68,0.16,
2025-09-29 12:45:00,14.99,,,0.318,,,33.55,63.506,0.29,
2025-09-29 13:00:00,14.99,,,0.323,,,34.25,62.114,0.3,
2025-09-29 13:15:00,13.94,,,0.335,,,34.49,60.089,0.63,
2025-09-29 13:30:00,13.81,,,0.346,,,34.22,60.965,0.49,
2025-09-29 13:45:00,13.81,,,0.318,,,34.5,60.182,0.05,
2025-09-29 14:00:00,13.81,,,0.325,,,34.4,61.37,0.82,
2025-09-29 14:15:00,19.7,,,0.348,,,34.16,61.021,0.19,
2025-09-29 14:30:00,20.44,,,0.332,,,34.28,62.03,0.19,
2025-09-29 14:45:00,20.44,,,0.363,,,33.8,66.124,0.11,
2025-09-29 15:00:00,20.44,,,0.365,,,33.03,68.972,0.34,
2025-09-29 15:15:00,23.82,,,0.339,,,32.7,69.681,0.29,
2025-09-29 15:30:00,24.24,,,0.422,,,32.06,73.818,0.2,
2025-09-29 15:45:00,24.24,,,0.401,,,31.76,76.543,0.19,
2025-09-29 16:00:00,24.24,,,0.41,,,31.39,77.263,0.23,
2025-09-29 16:15:00,25.25,,,0.422,,,31.13,77.098,0.32,
2025-09-29 16:30:00,25.37,,,0.44,,,31.07,76.548,0.35,
2025-09-29 16:45:00,25.37,,,0.455,,,31.14,78.195,0.4,
2025-09-29 17:00:00,25.37,,,0.475,,,31.2,78.793,0.34,
2025-09-29 17:15:00,26.48,,,0.504,,,31.11,79.586,0.3,
2025-09-29 17:30:00,26.62,,,0.531,,,31.07,79.948,0.26,
2025-09-29 17:45:00,26.62,,,0.551,,,31.0,80.822,0.28,
2025-09-29 18:00:00,26.62,,,0.529,,,30.93,81.747,0.33,
2025-09-29 18:15:00,23.03,,,0.599,,,30.86,82.377,0.29,
2025-09-29 18:30:00,22.58,,,0.579,,,30.78,85.177,0.29,
2025-09-29 18:45:00,22.58,,,0.607,,,30.75,87.942,0.28,
2025-09-29 19:00:00,22.58,,,0.594,,,30.75,89.03,0.29,
2025-09-29 19:15:00,21.73,,,0.615,,,30.68,94.314,0.29,
2025-09-29 19:30:00,21.63,,,0.788,,,30.56,99.04,0.27,
2025-09-29 19:45:00,21.63,,,0.811,,,30.5,99.036,0.33,
2025-09-29 20:00:00,21.63,,,0.847,,,30.4,99.035,0.3,
2025-09-29 20:15:00,29.85,,,0.867,,,30.29,99.034,0.3,
2025-09-29 20:30:00,30.88,,,0.901,,,30.19,99.031,0.3,
2025-09-29 20:45:00,30.88,,,1.012,,,30.15,99.023,0.33,
2025-09-29 21:00:00,30.88,,,0.882,,,30.12,99.028,0.35,
2025-09-29 21:15:00,28.0,,,0.971,,,30.06,99.028,0.31,
2025-09-29 21:30:00,27.64,,,1.011,,,30.01,99.03,0.31,
2025-09-29 21:45:00,27.64,,,1.102,,,29.97,99.021,0.17,
2025-09-29 22:00:00,27.64,,,0.813,,,30.21,99.037,0.14,
2025-09-29 22:15:00,35.54,,,0.565,,,30.36,99.04,0.23,
2025-09-29 22:30:00,36.53,,,0.528,,,30.34,99.034,0.05,
2025-09-29 22:45:00,36.53,,,0.482,,,30.26,99.031,0.36,
2025-09-29 23:00:00,36.53,,,0.508,,,30.16,99.028,0.07,
2025-09-29 23:15:00,29.96,,,0.479,,,30.07,99.024,0.16,
2025-09-29 23:30:00,29.14,,,0.498,,,29.9,99.018,0.14,
2025-09-30 00:45:00,28.19,,,0.562,,,29.51,99.012,0.24,
2025-09-30 01:00:00,28.19,,,0.572,,,29.47,99.001,0.22,
2025-09-30 01:15:00,23.44,,,0.551,,,29.46,99.015,0.23,
2025-09-30 01:30:00,22.85,,,0.552,,,29.4,99.001,0.24,
2025-09-30 01:45:00,22.85,,,0.617,,,29.39,99.012,0.28,
2025-09-30 02:00:00,22.85,,,0.627,,,29.33,98.999,0.29,
2025-09-30 02:15:00,29.53,,,0.622,,,29.27,99.011,0.2,
2025-09-30 02:30:00,30.37,,,0.519,,,29.17,99.016,0.23,
2025-09-30 02:45:00,30.37,,,0.512,,,29.11,99.015,0.11,
2025-09-30 03:00:00,30.37,,,0.472,,,28.96,99.021,0.3,
2025-09-30 03:15:00,25.0,,,0.458,,,28.86,99.02,0.21,
2025-09-30 03:30:00,24.33,,,0.457,,,28.77,99.018,0.27,
2025-09-30 03:45:00,24.33,,,0.447,,,28.66,99.012,0.26,
2025-09-30 04:00:00,24.33,,,0.451,,,28.57,99.018,0.32,
2025-09-30 04:15:00,23.11,,,0.502,,,28.43,99.014,0.3,
2025-09-30 04:30:00,22.96,,,0.518,,,28.4,99.015,0.28,
2025-09-30 04:45:00,22.96,,,0.489,,,28.39,99.022,0.35,
2025-09-30 05:00:00,22.96,,,0.502,,,28.39,99.031,0.27,
2025-09-30 05:15:00,19.9,,,0.572,,,28.34,99.022,0.27,
2025-09-30 05:30:00,19.52,,,0.593,,,28.41,99.017,0.2,
2025-09-30 05:45:00,19.52,,,0.521,,,28.68,99.019,0.2,
2025-09-30 06:00:00,19.52,,,0.515,,,29.1,99.027,0.2,
2025-09-30 06:15:00,17.63,,,0.501,,,29.58,99.037,0.47,
2025-09-30 06:30:00,17.39,,,0.484,,,30.01,99.041,0.48,
2025-09-30 06:45:00,17.39,,,0.428,,,31.35,98.829,0.28,
2025-09-30 07:00:00,17.39,,,0.432,,,31.0,99.059,0.31,
2025-09-30 07:15:00,24.3,,,0.425,,,30.93,99.065,0.21,
2025-09-30 07:30:00,25.16,,,0.42,,,31.02,99.061,0.07,
2025-09-30 07:45:00,25.16,,,0.441,,,31.28,99.061,0.05,
2025-09-30 08:00:00,25.16,,,0.43,,,31.59,99.071,0.2,
2025-09-30 08:15:00,21.42,,,0.415,,,31.79,98.953,0.05,
2025-09-30 08:30:00,20.95,,,0.402,,,32.23,96.796,0.14,
2025-09-30 08:45:00,20.95,,,0.387,,,32.59,94.738,0.44,
2025-09-30 09:00:00,20.95,,,0.408,,,32.74,95.002,0.19,
2025-09-30 09:15:00,17.95,,,0.42,,,32.93,93.264,0.27,
2025-09-30 09:30:00,17.58,,,0.381,,,33.36,88.784,0.44,
2025-09-30 09:45:00,17.58,,,0.403,,,33.53,90.857,0.16,
2025-09-30 10:00:00,17.58,,,0.411,,,33.9,82.047,0.13,
2025-09-30 10:15:00,16.68,,,0.407,,,34.38,69.751,0.01,
2025-09-30 10:30:00,16.57,,,0.401,,,33.85,72.612,0.18,
2025-09-30 10:45:00,16.57,,,0.41,,,33.28,90.225,0.13,
2025-09-30 11:00:00,16.57,,,0.421,,,33.83,83.433,0.13,
2025-09-30 11:15:00,17.6,,,0.431,,,33.86,72.268,0.09,
2025-09-30 11:30:00,17.73,,,0.426,,,32.91,92.798,0.52,
2025-09-30 11:45:00,17.73,,,0.42,,,32.04,97.38,0.33,
2025-09-30 12:00:00,17.73,,,0.371,,,31.45,83.983,0.55,
2025-09-30 12:15:00,21.59,,,0.379,,,30.58,93.597,0.33,
2025-09-30 12:30:00,22.07,,,0.441,,,29.09,99.008,1.17,
2025-09-30 12:45:00,22.07,,,0.422,,,28.41,99.006,0.14,
2025-09-30 13:00:00,22.07,,,0.446,,,28.06,99.002,0.56,
2025-09-30 13:15:00,18.97,,,0.407,,,27.76,99.011,0.34,
2025-09-30 13:30:00,18.58,,,0.482,,,27.77,99.003,0.16,
2025-09-30 13:45:00,18.58,,,0.532,,,27.87,98.999,0.18,
2025-09-30 14:00:00,18.58,,,0.621,,,28.06,98.996,0.23,
2025-09-30 14:15:00,26.48,,,0.657,,,28.6,99.006,0.06,
2025-09-30 14:30:00,27.46,,,0.772,,,29.05,99.011,0.11,
2025-09-30 14:45:00,27.46,,,0.765,,,28.98,99.008,0.24,
2025-09-30 15:00:00,27.46,,,0.725,,,29.08,98.998,0.04,
2025-09-30 15:15:00,22.99,,,0.708,,,29.28,98.996,0.1,
2025-09-30 15:30:00,22.43,,,0.74,,,29.61,99.004,0.13,
2025-09-30 15:45:00,22.43,,,0.712,,,29.84,99.003,0.2,
2025-09-30 16:00:00,22.43,,,0.751,,,29.96,99.007,0.19,
2025-09-30 16:15:00,19.7,,,0.752,,,29.93,99.012,0.12,
2025-09-30 16:30:00,19.36,,,0.71,,,29.65,99.022,0.28,
2025-09-30 16:45:00,19.36,,,0.72,,,29.45,99.017,0.29,
2025-09-30 17:00:00,19.36,,,0.793,,,29.45,99.007,0.25,
2025-09-30 17:15:00,22.83,,,0.772,,,29.37,98.997,0.14,
2025-09-30 17:30:00,23.26,,,0.831,,,29.29,98.994,0.21,
2025-09-30 17:45:00,23.26,,,0.811,,,29.27,98.999,0.29,
2025-09-30 18:00:00,,,,,,,,99.007,,
2025-09-30 18:15:00,22.04,,,1.192,,,29.54,99.008,0.12,
2025-09-30 18:30:00,21.89,,,1.076,,,29.48,98.997,0.14,
2025-09-30 18:45:00,21.89,,,0.972,,,29.4,99.005,0.27,
2025-09-30 19:00:00,21.89,,,0.827,,,29.34,99.016,0.26,
2025-09-30 19:15:00,28.97,,,0.773,,,29.47,99.002,0.11,
2025-09-30 19:30:00,29.85,,,0.74,,,29.39,99.0,0.32,
2025-09-30 19:45:00,29.85,,,0.751,,,29.4,99.013,0.17,
2025-09-30 20:00:00,29.85,,,0.793,,,29.43,99.003,0.04,
2025-09-30 20:15:00,25.83,,,0.933,,,29.41,99.005,0.09,
2025-09-30 20:30:00,25.33,,,0.787,,,29.41,99.001,0.2,
2025-09-30 20:45:00,25.33,,,0.804,,,29.36,99.005,0.11,
2025-09-30 21:00:00,25.33,,,0.875,,,29.29,99.009,0.29,
2025-09-30 21:15:00,22.1,,,0.874,,,29.19,99.001,0.27,
2025-09-30 21:30:00,21.69,,,0.883,,,29.14,98.993,0.13,
2025-09-30 21:45:00,21.69,,,0.853,,,29.09,98.997,0.26,
2025-09-30 22:00:00,21.69,,,0.887,,,29.13,99.001,0.14,
2025-09-30 22:15:00,18.97,,,0.989,,,29.17,99.003,0.27,
2025-09-30 22:30:00,18.63,,,0.815,,,29.39,99.019,0.2,
2025-09-30 22:45:00,18.63,,,0.563,,,29.33,99.035,0.2,
2025-09-30 23:00:00,18.63,,,0.519,,,29.02,99.037,0.23,
2025-09-30 23:15:00,22.21,,,0.493,,,28.68,99.025,0.36,
2025-09-30 23:30:00,22.66,,,0.469,,,28.42,99.021,0.31,
2025-10-01 00:45:00,25.71,,,0.539,,,27.1,99.016,0.27,
2025-10-01 01:00:00,25.71,,,0.409,,,26.89,99.004,0.25,
2025-10-01 01:15:00,21.71,,,0.395,,,26.84,99.0,0.07,
2025-10-01 01:30:00,21.21,,,0.579,,,26.81,99.001,0.14,
2025-10-01 01:45:00,21.21,,,0.438,,,26.7,99.002,0.3,
2025-10-01 02:00:00,21.21,,,0.41,,,26.64,99.001,0.09,
2025-10-01 02:15:00,18.98,,,0.382,,,26.62,99.001,0.05,
2025-10-01 02:30:00,18.7,,,0.378,,,26.66,98.999,0.35,
2025-10-01 02:45:00,18.7,,,0.491,,,26.63,99.0,0.19,
2025-10-01 03:00:00,18.7,,,0.373,,,26.58,99.003,0.22,
2025-10-01 03:15:00,17.31,,,0.428,,,26.59,99.0,0.06,
2025-10-01 03:30:00,17.13,,,0.443,,,26.62,98.998,0.06,
2025-10-01 03:45:00,17.13,,,0.4,,,26.5,98.999,0.2,
2025-10-01 04:00:00,17.13,,,0.46,,,26.45,99.001,0.18,
2025-10-01 04:15:00,15.85,,,0.473,,,26.43,98.999,0.19,
2025-10-01 04:30:00,15.69,,,0.472,,,26.43,98.996,0.1,
2025-10-01 04:45:00,15.69,,,0.582,,,26.47,98.995,0.06,
2025-10-01 05:00:00,15.69,,,0.447,,,26.4,98.998,0.25,
2025-10-01 05:15:00,13.96,,,0.371,,,26.37,98.999,0.07,
2025-10-01 05:30:00,13.75,,,0.371,,,26.41,98.997,0.22,
2025-10-01 05:45:00,13.75,,,0.449,,,26.59,98.997,0.1,
2025-10-01 06:00:00,13.75,,,0.436,,,26.64,98.997,0.24,
2025-10-01 06:15:00,14.57,,,0.468,,,26.69,98.998,0.29,
2025-10-01 06:30:00,14.67,,,0.597,,,27.06,98.999,0.03,
2025-10-01 06:45:00,14.67,,,0.566,,,27.4,98.991,0.07,
2025-10-01 07:00:00,14.67,,,0.493,,,27.63,98.991,0.22,
2025-10-01 07:15:00,13.41,,,0.503,,,27.79,98.994,0.2,
2025-10-01 07:30:00,13.25,,,0.467,,,28.21,98.997,0.1,
2025-10-01 07:45:00,13.25,,,0.48,,,28.81,99.011,0.11,
2025-10-01 08:00:00,13.25,,,0.472,,,29.49,99.038,0.19,
2025-10-01 08:15:00,14.04,,,0.467,,,29.89,99.042,0.1,
2025-10-01 08:30:00,14.14,,,0.403,,,30.21,99.035,0.23,
2025-10-01 08:45:00,14.14,,,0.319,,,30.61,99.064,0.16,
2025-10-01 09:00:00,14.14,,,0.344,,,31.02,98.912,0.15,
2025-10-01 09:15:00,16.4,,,0.358,,,30.85,99.02,0.15,
2025-10-01 09:30:00,16.69,,,0.348,,,30.74,99.051,0.15,
2025-10-01 09:45:00,16.69,,,0.325,,,31.74,98.603,0.23,
2025-10-01 10:00:00,16.69,,,0.314,,,32.22,95.116,0.33,
2025-10-01 10:15:00,15.88,,,0.325,,,32.36,87.555,0.53,
2025-10-01 10:30:00,15.78,,,0.324,,,32.5,81.367,0.3,
2025-10-01 10:45:00,15.78,,,0.325,,,32.62,78.511,0.68,
2025-10-01 11:00:00,15.78,,,0.336,,,32.7,82.225,0.42,
2025-10-01 11:15:00,15.13,,,0.346,,,32.39,82.543,0.56,
2025-10-01 11:30:00,15.05,,,0.334,,,32.36,79.949,0.59,
2025-10-01 11:45:00,15.05,,,0.336,,,32.48,83.309,0.7,
2025-10-01 12:00:00,15.05,,,0.357,,,32.39,84.174,0.47,
2025-10-01 12:15:00,15.85,,,0.367,,,32.18,81.637,0.07,
2025-10-01 12:30:00,15.95,,,0.359,,,32.33,81.751,0.65,
2025-10-01 12:45:00,15.95,,,0.344,,,32.4,79.838,0.47,
2025-10-01 13:00:00,15.95,,,0.343,,,32.39,74.964,0.47,
2025-10-01 13:15:00,20.58,,,0.344,,,32.4,73.809,0.37,
2025-10-01 13:30:00,21.16,,,0.366,,,31.89,91.388,0.49,
2025-10-01 13:45:00,21.16,,,0.363,,,31.68,92.095,0.34,
2025-10-01 14:00:00,21.16,,,0.367,,,31.39,94.465,0.28,
2025-10-01 14:15:00,18.11,,,0.356,,,31.26,93.366,0.93,
2025-10-01 14:30:00,17.73,,,0.33,,,30.96,87.961,0.66,
2025-10-01 14:45:00,17.73,,,0.337,,,30.64,96.887,0.04,
2025-10-01 15:00:00,17.73,,,0.32,,,30.32,96.991,0.22,
2025-10-01 15:15:00,20.09,,,0.283,,,29.81,98.453,0.35,
2025-10-01 15:30:00,20.42,,,0.28,,,29.43,98.111,0.47,
2025-10-01 15:45:00,20.42,,,0.27,,,29.32,99.06,0.81,
2025-10-01 16:00:00,20.42,,,0.262,,,28.97,99.037,0.36,
2025-10-01 16:15:00,18.34,,,0.265,,,28.66,99.038,0.24,
2025-10-01 16:30:00,18.08,,,0.257,,,28.53,99.028,0.06,
2025-10-01 16:45:00,18.08,,,0.255,,,28.51,99.026,0.49,
2025-10-01 17:00:00,18.08,,,0.255,,,28.64,99.025,0.54,
2025-10-01 17:15:00,15.71,,,0.266,,,28.55,99.017,0.25,
2025-10-01 17:30:00,15.42,,,0.282,,,28.5,99.014,0.42,
2025-10-01 17:45:00,15.42,,,0.275,,,28.63,99.024,1.0,
2025-10-01 18:00:00,15.42,,,0.285,,,28.71,99.024,0.53,
2025-10-01 18:15:00,13.93,,,0.31,,,28.76,99.016,0.22,
2025-10-01 18:30:00,13.75,,,0.305,,,28.89,99.002,0.1,
2025-10-01 18:45:00,13.75,,,0.3,,,28.95,98.997,0.15,
2025-10-01 19:00:00,13.75,,,0.321,,,29.1,98.997,0.04,
2025-10-01 19:15:00,13.27,,,0.351,,,29.07,98.997,0.13,
2025-10-01 19:30:00,13.21,,,0.376,,,29.08,99.003,0.19,
2025-10-01 19:45:00,13.21,,,0.357,,,29.17,99.009,0.6,
2025-10-01 20:00:00,13.21,,,0.343,,,29.26,99.018,0.69,
2025-10-01 20:15:00,15.72,,,0.293,,,29.3,99.027,1.03,
2025-10-01 20:30:00,16.03,,,0.278,,,29.3,99.035,0.5,
2025-10-01 20:45:00,16.03,,,0.277,,,29.27,99.025,0.86,
2025-10-01 21:00:00,16.03,,,0.294,,,29.19,99.01,0.61,
2025-10-01 21:15:00,15.52,,,0.315,,,29.09,99.013,0.84,
2025-10-01 21:30:00,15.45,,,0.293,,,29.1,99.016,0.62,
2025-10-01 21:45:00,15.45,,,0.295,,,29.02,99.019,0.55,
2025-10-01 22:00:00,15.45,,,0.301,,,29.0,99.022,0.97,
2025-10-01 22:15:00,14.43,,,0.302,,,28.98,99.025,0.64,
2025-10-01 22:30:00,14.3,,,0.328,,,29.0,99.029,0.73,
2025-10-01 22:45:00,14.3,,,0.349,,,29.09,99.031,0.39,
2025-10-01 23:00:00,14.3,,,0.33,,,29.09,99.028,0.19,
2025-10-01 23:15:00,,,,0.337,,,,,,
2025-10-01 23:30:00,,,,0.371,,,,,,
2025-10-02 00:45:00,14.36,,,0.296,,,28.79,99.003,0.34,
2025-10-02 01:00:00,14.36,,,0.302,,,28.73,98.995,0.24,
2025-10-02 01:15:00,13.7,,,0.302,,,28.67,99.003,0.17,
2025-10-02 01:30:00,13.62,,,0.293,,,28.65,99.01,0.15,
2025-10-02 01:45:00,13.62,,,0.294,,,28.58,99.011,0.27,
2025-10-02 02:00:00,13.62,,,0.291,,,28.52,99.007,0.15,
2025-10-02 02:15:00,13.27,,,0.297,,,28.52,99.002,0.07,
2025-10-02 02:30:00,13.22,,,0.306,,,28.56,98.996,0.16,
2025-10-02 02:45:00,13.22,,,0.294,,,28.6,98.995,0.3,
2025-10-02 03:00:00,13.22,,,0.258,,,28.18,98.993,0.66,
2025-10-02 03:15:00,13.04,,,0.249,,,27.65,99.007,0.86,
2025-10-02 03:30:00,13.02,,,0.25,,,27.3,99.006,0.48,
2025-10-02 03:45:00,13.02,,,0.248,,,27.12,98.998,0.37,
2025-10-02 04:00:00,13.02,,,0.247,,,27.03,99.009,0.77,
2025-10-02 04:15:00,12.99,,,0.249,,,27.11,99.007,0.84,
2025-10-02 04:30:00,12.99,,,0.247,,,27.2,99.013,0.54,
2025-10-02 04:45:00,12.99,,,0.248,,,27.19,99.002,0.54,
2025-10-02 05:00:00,12.99,,,0.232,,,27.2,99.006,0.38,
2025-10-02 05:15:00,12.76,,,0.233,,,27.18,99.007,0.41,
2025-10-02 05:30:00,12.73,,,0.235,,,27.18,99.001,0.19,
2025-10-02 05:45:00,12.73,,,0.247,,,27.22,98.996,0.55,
2025-10-02 06:00:00,12.73,,,0.244,,,27.35,98.992,0.26,
2025-10-02 06:15:00,12.54,,,0.243,,,27.53,99.002,0.11,
2025-10-02 06:30:00,12.52,,,0.253,,,27.64,99.001,0.16,
2025-10-02 06:45:00,12.52,,,0.246,,,27.77,99.004,0.12,
2025-10-02 07:00:00,12.52,,,0.25,,,27.86,99.005,0.16,
2025-10-02 07:15:00,12.49,,,0.252,,,26.08,99.001,0.7,
2025-10-02 07:30:00,12.49,,,0.246,,,27.54,99.003,0.22,
2025-10-02 07:45:00,12.49,,,0.242,,,27.61,99.003,0.07,
2025-10-02 08:00:00,12.49,,,0.248,,,27.67,99.003,0.37,
2025-10-02 08:15:00,12.44,,,0.253,,,27.92,99.006,0.11,
2025-10-02 08:30:00,12.43,,,0.264,,,28.31,99.005,0.3,
2025-10-02 08:45:00,12.43,,,0.266,,,28.39,99.008,0.06,
2025-10-02 09:00:00,12.43,,,0.259,,,28.34,99.006,0.07,
2025-10-02 09:15:00,12.36,,,0.261,,,28.51,98.997,0.2,
2025-10-02 09:30:00,12.35,,,0.249,,,28.92,99.007,0.46,
2025-10-02 09:45:00,12.35,,,0.238,,,29.31,99.014,0.62,
2025-10-02 10:00:00,12.35,,,0.239,,,29.57,99.015,0.34,
2025-10-02 10:15:00,12.28,,,0.258,,,29.83,99.021,0.55,
2025-10-02 10:30:00,12.27,,,0.254,,,29.9,99.03,1.17,
2025-10-02 10:45:00,12.27,,,0.244,,,29.93,99.038,0.98,
2025-10-02 11:00:00,12.27,,,0.264,,,29.93,99.035,0.44,
2025-10-02 11:15:00,12.19,,,0.265,,,30.5,99.042,0.18,
2025-10-02 11:30:00,12.18,,,0.27,,,30.54,99.048,0.38,
2025-10-02 11:45:00,12.18,,,0.271,,,30.12,99.041,0.55,
2025-10-02 12:00:00,12.18,,,0.277,,,29.27,99.019,0.73,
2025-10-02 12:15:00,12.1,,,0.288,,,28.37,98.994,0.04,
2025-10-02 12:30:00,12.09,,,0.292,,,27.79,98.99,0.3,
2025-10-02 12:45:00,12.09,,,0.289,,,27.62,98.985,0.65,
2025-10-02 13:00:00,12.09,,,0.29,,,27.66,98.987,0.31,
2025-10-02 13:15:00,12.01,,,0.285,,,27.65,98.983,0.41,
2025-10-02 13:30:00,12.0,,,0.285,,,27.62,98.989,1.09,
2025-10-02 13:45:00,12.0,,,0.282,,,27.46,98.991,0.98,
2025-10-02 14:00:00,12.0,,,0.273,,,27.28,98.993,0.88,
2025-10-02 14:15:00,11.93,,,0.264,,,27.19,99.0,1.28,
2025-10-02 14:30:00,11.92,,,0.264,,,27.09,99.006,1.51,
2025-10-02 14:45:00,11.92,,,0.274,,,27.06,98.995,1.21,
2025-10-02 15:00:00,11.92,,,0.269,,,27.08,98.991,1.75,
2025-10-02 15:15:00,11.84,,,0.258,,,27.23,99.002,1.42,
2025-10-02 15:30:00,11.84,,,0.255,,,27.31,98.988,1.8,
2025-10-02 15:45:00,11.84,,,0.256,,,27.32,99.001,0.81,
2025-10-02 16:00:00,11.84,,,0.258,,,27.38,99.005,0.9,
2025-10-02 16:15:00,12.07,,,0.253,,,27.43,99.004,0.88,
2025-10-02 16:30:00,12.07,,,0.261,,,27.54,99.0,1.05,
2025-10-02 16:45:00,12.07,,,0.259,,,27.63,98.997,1.28,
2025-10-02 17:00:00,12.07,,,0.256,,,27.7,98.992,1.31,
2025-10-02 17:15:00,12.09,,,0.258,,,27.74,98.987,1.1,
2025-10-02 17:30:00,12.09,,,,,,27.77,98.988,1.54,
2025-10-02 17:45:00,12.09,,,,,,27.83,98.994,1.4,
2025-10-02 18:00:00,12.09,,,,,,,98.998,1.13,
2025-10-02 18:15:00,12.0,,,,,,,,1.4,
