datetime,actual,forecast,lower,upper,event_flag,threshold,upper_exceeds_threshold,point_exceeds_threshold,risk_level
2023-11-12 15:00:00,81.52261179253739,37.039356,-42.94842278910585,117.02713525248475,0,250.0,False,False,Low
2023-11-12 16:00:00,59.52759913545172,67.3182,-12.669579863080457,147.30597817851014,0,250.0,False,False,Low
2023-11-12 17:00:00,102.89391402091373,62.66238,-17.325398802289442,142.65015923930116,0,250.0,False,False,Low
2023-11-12 18:00:00,67.61145994205972,103.56857,23.580793977251574,183.55635201884218,0,250.0,False,False,Low
2023-11-12 19:00:00,129.68416268861674,75.385605,-4.602174162396864,155.37338387919374,0,250.0,False,False,Low
2023-11-12 20:00:00,48.26217762690787,95.71901,15.731230378618761,175.70678842020936,0,250.0,False,False,Low
2023-11-12 21:00:00,48.637803614776224,85.12585,5.1380678419976675,165.11362588358827,0,250.0,False,False,Low
2023-11-12 22:00:00,69.35989229879824,106.0099,26.02212393330626,185.99768197489686,0,250.0,False,False,Low
2023-11-12 23:00:00,68.44670954472927,95.77254,15.784758210650011,175.7603162522406,0,250.0,False,False,Low
2023-11-13 00:00:00,35.4332287613243,82.19782,2.21004355000548,162.18560159159608,0,250.0,False,False,Low
2023-11-13 01:00:00,96.72827573059004,75.969765,-4.018014311322645,155.95754373026796,0,250.0,False,False,Low
2023-11-13 02:00:00,85.19194879730273,90.55015,10.562368989458605,170.5379270310492,0,250.0,False,False,Low
2023-11-13 03:00:00,77.79443148793148,104.98878,25.00099813984923,184.97655618143983,0,250.0,False,False,Low
2023-11-13 04:00:00,67.90234922948802,237.25328,157.26550161885314,317.24105966044374,0,250.0,True,False,Watch
2023-11-13 05:00:00,124.76829467720476,96.31953,16.33174765156798,176.30730569315858,0,250.0,False,False,Low
2023-11-13 06:00:00,42.98570600974416,87.10111,7.113333344927355,167.08889138651796,0,250.0,False,False,Low
2023-11-13 07:00:00,55.88083846328361,73.70878,-6.279000639447645,153.69655740214296,0,250.0,False,False,Low
2023-11-13 08:00:00,60.53314792309941,52.15186,-27.835919737348036,132.13963830424257,0,250.0,False,False,Low
2023-11-13 09:00:00,51.06258956290701,65.33391,-14.653870939740614,145.32168710185,0,250.0,False,False,Low
2023-11-13 10:00:00,84.68718751944047,62.154053,-17.8337262864203,142.1418317551703,0,250.0,False,False,Low
2023-11-13 11:00:00,53.94023510284226,80.335236,0.3474565749078238,160.32301461649843,0,250.0,False,False,Low
2023-11-13 12:00:00,91.1399592696446,62.79791,-17.189870237836317,142.78568780375429,0,250.0,False,False,Low
2023-11-13 13:00:00,31.43180567178627,55.499977,-24.487801908978895,135.4877561326117,0,250.0,False,False,Low
2023-11-13 14:00:00,26.410686036169217,47.800175,-32.187604307660536,127.78795373393007,0,250.0,False,False,Low
2023-11-13 15:00:00,89.99118913062286,55.109127,-24.878651976117567,135.09690606547304,0,250.0,False,False,Low
2023-11-13 16:00:00,86.87793639331258,79.35871,-0.62906777811952,159.34649026347108,0,250.0,False,False,Low
2023-11-13 17:00:00,81.27755567986038,84.925865,4.9380861525445425,164.91364419413514,0,250.0,False,False,Low
2023-11-13 18:00:00,31.790342144445795,69.22557,-10.762208342084364,149.21334969950624,0,250.0,False,False,Low
2023-11-13 19:00:00,60.133899573240825,58.890396,-21.09738290263124,138.87817513895936,0,250.0,False,False,Low
2023-11-13 20:00:00,87.50482073765657,64.08126,-15.906518339642957,144.06903970194764,0,250.0,False,False,Low
2023-11-13 21:00:00,86.16626744523197,67.062225,-12.925553678998426,147.05000436259218,0,250.0,False,False,Low
2023-11-13 22:00:00,98.6370792271238,127.98996,48.002180696001574,207.97773873759218,0,250.0,False,False,Low
2023-11-13 23:00:00,78.38171163499058,64.96345,-15.02433144999452,144.95122659159608,0,250.0,False,False,Low
2023-11-14 00:00:00,56.92752212579631,60.32043,-19.667348265180067,140.30820977641054,0,250.0,False,False,Low
2024-04-20 00:00:00,30.13722055843272,21.511229,-58.476550459393934,101.49900758219667,0,250.0,False,False,Low
2024-04-20 01:00:00,15.0,22.731295,-57.25648438883729,102.71907365275331,0,250.0,False,False,Low
2024-04-20 02:00:00,27.934090918319903,19.78828,-60.199498533734754,99.77605950785585,0,250.0,False,False,Low
2024-04-20 03:00:00,56.730434006617166,21.724962,-58.26281678629823,101.71274125529237,0,250.0,False,False,Low
2024-04-20 04:00:00,15.0,22.63255,-57.35522973490663,102.62032830668397,0,250.0,False,False,Low
2024-04-20 05:00:00,21.82186619232234,26.732475,-53.25530374003358,106.72025430155702,0,250.0,False,False,Low
2024-04-20 06:00:00,35.3215499438104,25.890324,-54.097455381879286,105.87810265971132,0,250.0,False,False,Low
2024-04-20 07:00:00,46.00713222908044,35.919003,-44.06877648783632,115.90678155375429,0,250.0,False,False,Low
2024-04-20 08:00:00,15.0,18.373686,-61.61409318400331,98.3614648575873,0,250.0,False,False,Low
2024-04-20 09:00:00,29.46013761929033,28.511736,-51.476043104657606,108.499514936933,0,250.0,False,False,Low
2024-04-20 10:00:00,15.0,21.829538,-58.15824067545839,101.81731736613222,0,250.0,False,False,Low
2024-04-20 11:00:00,25.41764397649421,24.676414,-55.31136453104921,104.6641935105414,0,250.0,False,False,Low
2024-04-20 12:00:00,47.04735821260515,22.297306,-57.690472960004286,102.28508508158632,0,250.0,False,False,Low
2024-04-20 13:00:00,15.0,65.72071,-14.26706826640077,145.70848977518983,0,250.0,False,False,Low
2024-04-20 14:00:00,37.280159820434136,26.71052,-53.27725923014589,106.69829881144472,0,250.0,False,False,Low
2024-04-20 15:00:00,24.41111229436096,29.604523,-50.383256315717176,109.59230172587343,0,250.0,False,False,Low
2024-04-20 16:00:00,15.0,25.584955,-54.4028238053412,105.5727342362494,0,250.0,False,False,Low
2024-04-20 17:00:00,15.0,30.168392,-49.81938683939882,110.15617120219179,0,250.0,False,False,Low
2024-04-20 18:00:00,24.877258092989592,34.671623,-45.31615579081483,114.65940225077577,0,250.0,False,False,Low
2024-04-20 19:00:00,31.84083803347097,30.421188,-49.566590666303114,110.40896737528749,0,250.0,False,False,Low
2024-04-20 20:00:00,15.0,31.861563,-48.126216291913465,111.84934174967714,0,250.0,False,False,Low
2024-04-20 21:00:00,55.395245802276754,27.62172,-52.36605966044374,107.60949838114686,0,250.0,False,False,Low
2024-04-20 22:00:00,15.0,31.790659,-48.19712006998964,111.77843797160097,0,250.0,False,False,Low
2024-04-20 23:00:00,15.0,31.713627,-48.274152159223036,111.70140588236757,0,250.0,False,False,Low
2024-04-21 00:00:00,20.778334179849374,27.594345,-52.393433928021864,107.58212411356874,0,250.0,False,False,Low
2024-04-21 01:00:00,15.0,37.683315,-42.30446374369569,117.67109429789491,0,250.0,False,False,Low
2024-04-21 02:00:00,15.0,20.07859,-59.909188627728895,100.06636941386171,0,250.0,False,False,Low
2024-04-21 03:00:00,57.25973823273662,20.053032,-59.93474709940858,100.04081094218202,0,250.0,False,False,Low
2024-04-21 04:00:00,15.634640032461968,22.355764,-57.632014631757215,102.34354340983339,0,250.0,False,False,Low
2024-04-21 05:00:00,30.689580909665302,29.527967,-50.45981156779237,109.51574647379823,0,250.0,False,False,Low
2024-04-21 06:00:00,38.311799006556406,19.952639,-60.03514039469667,99.94041764689393,0,250.0,False,False,Low
2024-04-21 07:00:00,70.42341658507931,31.526262,-48.461516737470106,111.5140413041205,0,250.0,False,False,Low
2024-04-21 08:00:00,34.91907902688981,32.802685,-47.185094236859754,112.79046380473085,1,250.0,False,False,Low
2024-04-21 09:00:00,15.0,40.477688,-39.51009118510194,120.46546685648866,0,250.0,False,False,Low
2024-04-21 10:00:00,15.0,41.143257,-38.84452187968202,121.13103616190858,0,250.0,False,False,Low
2024-04-21 11:00:00,15.0,25.97109,-54.01668870402284,105.95886933756776,0,250.0,False,False,Low
2024-04-21 12:00:00,19.73388082046862,18.801384,-61.18639504862733,98.78916299296327,0,250.0,False,False,Low
2024-04-21 13:00:00,15.0,26.035416,-53.95236337138124,106.02319467020936,0,250.0,False,False,Low
2024-04-21 14:00:00,26.051463509297378,34.772602,-45.21517693949647,114.76038110209413,0,250.0,False,False,Low
2024-04-21 15:00:00,18.74218502753415,25.10273,-54.88504922343202,105.09050881815858,0,250.0,False,False,Low
2024-04-21 16:00:00,15.0,26.580828,-53.406951307782606,106.568606733808,0,250.0,False,False,Low
2024-04-21 17:00:00,15.0,21.83449,-58.153289198407606,101.822268843183,0,250.0,False,False,Low
2024-04-21 18:00:00,29.319214109948994,23.4062,-56.581578611859754,103.39397942973085,0,250.0,False,False,Low
2024-04-21 19:00:00,15.0,26.182234,-53.8055452103705,106.1700128312201,0,250.0,False,False,Low
2024-04-21 20:00:00,25.77237899424488,22.550709,-57.43707025004335,102.53848779154725,0,250.0,False,False,Low
2024-04-21 21:00:00,15.0,20.487736,-59.500043272504286,100.47551476908632,0,250.0,False,False,Low
2024-04-21 22:00:00,40.64899113942233,28.468904,-51.51887452555604,108.45668351603456,0,250.0,False,False,Low
2024-04-21 23:00:00,15.0,17.451406,-62.536372541913465,97.43918549967714,0,250.0,False,False,Low
2024-04-22 00:00:00,15.0,26.050604,-53.93717515421815,106.03838288737245,0,250.0,False,False,Low
2024-04-22 01:00:00,36.48069863320504,23.92066,-56.0671190018744,103.9084390397162,0,250.0,False,False,Low
2024-04-22 02:00:00,24.810635117174105,32.38301,-47.60476815653749,112.37078988505311,0,250.0,False,False,Low
2024-04-22 03:00:00,15.0,22.809446,-57.178332685956434,102.79722535563417,0,250.0,False,False,Low
2024-04-22 04:00:00,61.94089584178068,19.194494,-60.79328477335878,99.18227326823182,0,250.0,False,False,Low
2024-04-22 05:00:00,29.563648175821616,25.063053,-54.924725889691786,105.05083215189882,1,250.0,False,False,Low
2024-04-22 06:00:00,31.828791355162256,31.1141,-48.873679518231825,111.10187852335878,0,250.0,False,False,Low
2024-04-22 07:00:00,15.0,33.85289,-46.134889006146864,113.84066903544374,0,250.0,False,False,Low
2024-04-22 08:00:00,33.91742278982844,25.578228,-54.40955102396913,105.56600701762147,0,250.0,False,False,Low
2024-04-22 09:00:00,15.0,22.14741,-57.84036958170839,102.13518845988222,0,250.0,False,False,Low
2024-04-22 10:00:00,24.331535374864224,21.681028,-58.306750654706434,101.66880738688417,0,250.0,False,False,Low
2024-04-22 11:00:00,15.0,23.153814,-56.8339647049994,103.1415933365912,0,250.0,False,False,Low
2024-04-22 12:00:00,65.74406927370714,23.918806,-56.0689729447455,103.9065850968451,0,250.0,False,False,Low
2024-04-22 13:00:00,15.0,23.74116,-56.24661958170839,103.72893845988222,0,250.0,False,False,Low
2024-04-22 14:00:00,16.6829999620925,38.6518,-41.335980772504286,118.63957726908632,0,250.0,False,False,Low
2024-04-22 15:00:00,18.74620021171391,30.511059,-49.476720213422254,110.49883782816835,0,250.0,False,False,Low
2024-04-22 16:00:00,29.822773609430392,37.99412,-41.99365746928163,117.98190057230897,0,250.0,False,False,Low
2024-04-22 17:00:00,21.237898364174725,23.885006,-56.10277306986757,103.87278497172304,0,250.0,False,False,Low
2024-04-22 18:00:00,45.2449782105617,16.73206,-63.255719542035536,96.71983849955507,0,250.0,False,False,Low
2024-04-22 19:00:00,34.10200901459247,31.510078,-48.47770059061952,111.49785745097108,0,250.0,False,False,Low
2024-04-22 20:00:00,15.0,27.973791,-52.01398789835878,107.96157014323182,0,250.0,False,False,Low
2024-04-22 21:00:00,62.01539047098005,29.063759,-50.924020170697645,109.05153787089296,0,250.0,False,False,Low
2024-04-22 22:00:00,25.31201702120609,19.593168,-60.39461076212831,99.5809472794623,0,250.0,False,False,Low
2024-04-22 23:00:00,15.0,27.388168,-52.599610685834364,107.37594735575624,0,250.0,False,False,Low
2024-04-23 00:00:00,15.0,24.319723,-55.66805589152284,104.30750215006776,0,250.0,False,False,Low
2024-04-23 01:00:00,15.0,28.206032,-51.781747221478895,108.19381082011171,0,250.0,False,False,Low
2024-04-23 02:00:00,15.0,21.151548,-58.836230635175184,101.13932740641542,0,250.0,False,False,Low
2024-04-23 03:00:00,31.508712020747645,17.823027,-62.16475236369081,97.8108056778998,0,250.0,False,False,Low
2024-04-23 04:00:00,36.37413462304369,27.185879,-52.80190026713319,107.17365777445741,0,250.0,False,False,Low
2024-04-23 05:00:00,19.306741439811688,26.203075,-53.784703611859754,106.19085442973085,0,250.0,False,False,Low
2024-04-23 06:00:00,57.186344681083966,21.81315,-58.17462861491151,101.80092942667909,0,250.0,False,False,Low
2024-04-23 07:00:00,37.37785425781647,27.642525,-52.34525430155702,107.63030374003358,0,250.0,False,False,Low
2024-04-23 08:00:00,40.760846642146895,31.55665,-48.43112885905214,111.54442918253847,0,250.0,False,False,Low
2024-04-23 09:00:00,15.0,33.15525,-46.832528471478895,113.14302957011171,0,250.0,False,False,Low
2024-04-23 10:00:00,16.861328527668732,29.656569,-50.33121049357362,109.64434754801698,0,250.0,False,False,Low
2024-04-23 11:00:00,23.99917160311918,26.624342,-53.36343705607362,106.61212098551698,0,250.0,False,False,Low
2024-04-23 12:00:00,15.176598515818098,17.814018,-62.17376077128358,97.80179727030702,0,250.0,False,False,Low
2024-04-23 13:00:00,38.098271845757466,22.724,-57.26377809000917,102.71177995158143,0,250.0,False,False,Low
2024-04-23 14:00:00,19.039525500157392,26.975603,-53.012175917157606,106.963382124433,0,250.0,False,False,Low
2024-04-23 15:00:00,42.002798728380526,22.770807,-57.21697175455995,102.75858628703065,0,250.0,False,False,Low
2024-04-23 16:00:00,65.18723689580867,22.841507,-57.14627206278749,102.82928597880311,0,250.0,False,False,Low
2024-04-23 17:00:00,37.67940917107749,21.902643,-58.08513581705995,101.89042222453065,0,250.0,False,False,Low
2024-04-23 18:00:00,30.15377951812353,39.01065,-40.977128386029676,118.99842965556093,0,250.0,False,False,Low
2024-04-23 19:00:00,15.0,35.512043,-44.47573602152772,115.49982202006288,0,250.0,False,False,Low
2024-04-23 20:00:00,21.2598237224528,34.57565,-45.41212975932069,114.56342828226991,0,250.0,False,False,Low
2024-04-23 21:00:00,25.091714913555155,21.140373,-58.84740579081483,101.12815225077577,0,250.0,False,False,Low
2024-04-23 22:00:00,32.76055765356031,24.492674,-55.495105146893934,104.48045289469667,0,250.0,False,False,Low
2024-04-23 23:00:00,15.0,23.199507,-56.78827226115175,103.18728578043886,0,250.0,False,False,Low
2024-04-24 00:00:00,15.0,30.886366,-49.10141313029237,110.87414491129823,0,250.0,False,False,Low
2024-04-24 01:00:00,24.51346096996403,24.618807,-55.36897218180604,104.60658585978456,0,250.0,False,False,Low
2024-04-24 02:00:00,20.35376284229801,22.505156,-57.48262345744081,102.4929345841498,0,250.0,False,False,Low
2024-04-24 03:00:00,70.90009548849937,20.81146,-59.176318525800184,100.79923951579042,0,250.0,False,False,Low
2024-04-24 04:00:00,60.03157130722784,24.336191,-55.65158784342714,104.32397019816347,0,250.0,False,False,Low
2024-04-24 05:00:00,15.0,31.580082,-48.407697081098036,111.56786096049257,0,250.0,False,False,Low
2024-04-24 06:00:00,44.21780504749027,24.712177,-55.27560174418397,104.69995629740663,0,250.0,False,False,Low
2024-04-24 07:00:00,15.0,32.627216,-47.36056268168397,112.61499535990663,0,250.0,False,False,Low
2024-04-24 08:00:00,15.0,37.51305,-42.4747289414496,117.500829100141,0,250.0,False,False,Low
2024-04-24 09:00:00,44.49547004152642,34.873928,-45.11385095072694,114.86170709086366,0,250.0,False,False,Low
2024-04-24 10:00:00,16.176488489048424,19.6589,-60.328879713544325,99.64667832804628,0,250.0,False,False,Low
2024-04-24 11:00:00,52.181881716812185,22.309969,-57.67781007243104,102.29774796915956,0,250.0,False,False,Low
2024-04-24 12:00:00,55.67737887228422,23.66706,-56.32071816874452,103.65483987284608,0,250.0,False,False,Low
2024-04-24 13:00:00,65.66416865640201,22.771488,-57.216290831098036,102.75926721049257,0,250.0,False,False,Low
2024-04-24 14:00:00,15.0,22.701693,-57.28608643961854,102.68947160197206,0,250.0,False,False,Low
2024-04-24 15:00:00,23.016923585070405,24.787191,-55.20058762980409,104.77497041178651,0,250.0,False,False,Low
2024-04-24 16:00:00,68.01417838880404,32.158024,-47.829755186566786,112.14580285502382,0,250.0,False,False,Low
2024-04-24 17:00:00,15.0,45.13405,-34.85373055888124,125.12182748270936,0,250.0,False,False,Low
2024-04-24 18:00:00,54.905941532773454,45.69936,-34.28841912699647,125.68713891459413,0,250.0,False,False,Low
2024-04-24 19:00:00,44.48072384923721,36.853165,-43.13461434794374,116.84094369364686,0,250.0,False,False,Low
2024-04-24 20:00:00,47.818556393206,77.68096,-2.3068174119085825,157.66874062968202,0,250.0,False,False,Low
2024-04-24 21:00:00,15.0,28.131271,-51.856507658490614,108.11905038309999,0,250.0,False,False,Low
2024-04-24 22:00:00,15.0,40.80366,-39.184117674359754,120.79144036723085,0,250.0,False,False,Low
2024-04-24 23:00:00,50.55523109737232,23.173439,-56.814339994916395,103.16121804667421,0,250.0,False,False,Low
2024-04-25 00:00:00,20.313070552104943,31.53432,-48.45345818949647,111.52209985209413,0,250.0,False,False,Low
2024-04-25 01:00:00,27.088080247501413,37.337227,-42.65055215311952,117.32500588847108,0,250.0,False,False,Low
2024-04-25 02:00:00,15.0,22.78174,-57.20603883219667,102.76951920939393,0,250.0,False,False,Low
2024-04-25 03:00:00,48.61799653739287,23.87797,-56.10980927897401,103.86574876261659,0,250.0,False,False,Low
2024-04-25 04:00:00,15.0,23.279156,-56.70862328959413,103.26693475199647,0,250.0,False,False,Low
2024-04-25 05:00:00,29.4004670575996,35.241146,-44.74663293314882,115.22892510844179,0,250.0,False,False,Low
2024-04-25 06:00:00,19.048490729607813,22.42709,-57.56068932963319,102.41486871195741,0,250.0,False,False,Low
2024-04-25 07:00:00,15.0,34.7703,-45.217477201947645,114.75808083964296,0,250.0,False,False,Low
2024-04-25 08:00:00,36.7042217248327,28.184055,-51.80372369242616,108.17183434916444,0,250.0,False,False,Low
2024-04-25 09:00:00,49.15151683176278,23.915848,-56.07193124247499,103.90362679911561,0,250.0,False,False,Low
2024-04-25 10:00:00,35.38371858505519,21.309923,-58.67785584879823,101.29770219279237,0,250.0,False,False,Low
2024-04-25 11:00:00,15.0,19.470432,-60.51734673930116,99.45821130228944,0,250.0,False,False,Low
2024-04-25 12:00:00,68.85137906983803,30.823761,-49.164018034467176,110.81154000712343,0,250.0,False,False,Low
2024-04-25 13:00:00,15.0,27.68949,-52.29828965617128,107.67726838541932,0,250.0,False,False,Low
2024-04-25 14:00:00,43.82779260095648,57.83505,-22.152730345258192,137.8228276963324,0,250.0,False,False,Low
2024-04-25 15:00:00,59.94476197322285,31.041512,-48.94626748515077,111.02929055643983,0,250.0,False,False,Low
2024-04-25 16:00:00,15.0,34.6509,-45.33687722636171,114.6386808152289,0,250.0,False,False,Low
2024-04-25 17:00:00,38.421105208647525,34.49252,-45.49525964213319,114.48029839945741,0,250.0,False,False,Low
2024-04-25 18:00:00,65.31864450210905,30.22135,-49.76642930460878,110.20912873698182,0,250.0,False,False,Low
2024-04-25 19:00:00,15.0,35.57302,-44.41475808573671,115.5607999558539,0,250.0,False,False,Low
2024-04-25 20:00:00,15.0,28.5582,-51.42957818461366,108.54597985697694,0,250.0,False,False,Low
2024-04-25 21:00:00,40.68894696519591,24.97114,-55.01663911295839,104.95891892863222,0,250.0,False,False,Low
2024-04-25 22:00:00,40.09225595453656,44.052536,-35.935243010053114,124.04031503153749,0,250.0,False,False,Low
2024-04-25 23:00:00,16.633637522740795,15.2827215,-64.70505750132509,95.27050054026552,0,250.0,False,False,Low
2024-04-26 00:00:00,15.0,44.783394,-35.20438516093202,124.77117288065858,0,250.0,False,False,Low
2024-04-26 01:00:00,73.52415383074592,25.409714,-54.578065275678114,105.39749276591249,0,250.0,False,False,Low
2024-04-26 02:00:00,46.46407416729125,29.660597,-50.32718217326112,109.64837586832948,0,250.0,False,False,Low
2024-04-26 03:00:00,15.0,52.996048,-26.99173104716249,132.9838269944281,0,250.0,False,False,Low
2024-04-26 04:00:00,31.10762516645604,31.923979,-48.06380021525331,111.9117578263373,0,250.0,False,False,Low
2024-04-26 05:00:00,15.0,32.229485,-47.75829446268983,112.21726357890077,0,250.0,False,False,Low
2024-04-26 06:00:00,50.85421209400055,23.164078,-56.82370126200624,103.15185677958436,0,250.0,False,False,Low
2024-04-26 07:00:00,22.971811301887403,25.744171,-54.243607878217176,105.73195016337343,0,250.0,False,False,Low
2024-04-26 08:00:00,45.73315867921856,24.773476,-55.214303373822645,104.76125466776796,0,250.0,False,False,Low
2024-04-26 09:00:00,15.0,33.61845,-46.36932885600038,113.60622918559022,0,250.0,False,False,Low
2024-04-26 10:00:00,22.62449546644367,19.43271,-60.55506837321229,99.42048966837831,0,250.0,False,False,Low
2024-04-26 11:00:00,57.80948750755543,29.702911,-50.284867643842176,109.69069039774843,0,250.0,False,False,Low
2024-04-26 12:00:00,28.088232215531285,28.974024,-51.013755201825575,108.96180283976503,0,250.0,False,False,Low
2024-04-26 13:00:00,15.0,26.49142,-53.49635827494569,106.47919976664491,0,250.0,False,False,Low
2024-04-26 14:00:00,23.4150346436954,24.503397,-55.48438203288026,104.49117600871034,0,250.0,False,False,Low
2024-04-26 15:00:00,31.70001731504325,25.276346,-54.71143281413026,105.26412522746034,0,250.0,False,False,Low
2024-04-26 16:00:00,39.07732502701442,19.411148,-60.57663094950624,99.39892709208436,0,250.0,False,False,Low
2024-04-26 17:00:00,15.0,25.358217,-54.62956178141542,105.34599626017518,0,250.0,False,False,Low
2024-04-26 18:00:00,18.130229713987045,24.325592,-55.662186979779676,104.31337106181093,0,250.0,False,False,Low
2024-04-26 19:00:00,15.0,35.23223,-44.75554788065858,115.22001016093202,0,250.0,False,False,Low
2024-04-26 20:00:00,23.43714854327673,22.755657,-57.23212182475038,102.74343621684022,0,250.0,False,False,Low
2024-04-26 21:00:00,53.923513155400045,28.788435,-51.1993440384955,108.7762140030951,0,250.0,False,False,Low
2024-04-26 22:00:00,61.549635808568524,26.049797,-53.93798196268983,106.03757607890077,0,250.0,False,False,Low
2024-04-26 23:00:00,15.0,16.658321,-63.32945764018007,96.64610040141054,0,250.0,False,False,Low
2024-04-27 00:00:00,39.530040382795846,22.037148,-57.950631498822645,102.02492654276796,0,250.0,False,False,Low
2024-04-27 01:00:00,40.681477691125394,18.399727,-61.58805215311952,98.38750588847108,0,250.0,False,False,Low
2024-04-27 02:00:00,15.0,29.302626,-50.68515336466737,109.29040467692323,0,250.0,False,False,Low
2024-04-27 03:00:00,18.62077130567372,19.30977,-60.678008436688856,99.29754960490175,0,250.0,False,False,Low
2024-04-27 04:00:00,78.73298116989139,30.809479,-49.178300261029676,110.79725778056093,0,250.0,False,False,Low
2024-04-27 05:00:00,50.84964664754371,28.211388,-51.77639138651796,108.19916665507264,0,250.0,False,False,Low
2024-04-27 06:00:00,33.488380725909835,43.62663,-36.36115014506288,123.61440789652772,0,250.0,False,False,Low
2024-04-27 07:00:00,36.28087192542831,36.053993,-43.933785795697645,116.04177224589296,0,250.0,False,False,Low
2024-04-27 08:00:00,24.21751024187283,30.21888,-49.76889932108827,110.20665872050233,0,250.0,False,False,Low
2024-04-27 09:00:00,41.62823961374139,37.41952,-42.56825768900819,117.40730035258241,0,250.0,False,False,Low
2024-04-27 10:00:00,19.47277069450121,27.55518,-52.432599424848036,107.54295861674257,0,250.0,False,False,Low
2024-04-27 11:00:00,19.62091723641007,43.20346,-36.784318327435926,123.19123971415468,0,250.0,False,False,Low
2024-04-27 12:00:00,38.25871122760032,28.145908,-51.84187066508241,108.13368737650819,0,250.0,False,False,Low
2024-04-27 13:00:00,15.0,25.12528,-54.86249864054628,105.11305940104432,0,250.0,False,False,Low
2024-04-27 14:00:00,68.96186470541568,30.391068,-49.59671151591249,110.37884652567811,0,250.0,False,False,Low
2024-04-27 15:00:00,30.31418462970949,31.049297,-48.93848168803163,111.03707635355897,0,250.0,False,False,Low
2024-04-27 16:00:00,15.0,52.791164,-27.196614622601942,132.77894341898866,0,250.0,False,False,Low
2024-04-27 17:00:00,15.0,37.121952,-42.865826963910536,117.10973107768007,0,250.0,False,False,Low
2024-04-27 18:00:00,26.232494604403755,33.51134,-46.4764379258246,113.499120115766,0,250.0,False,False,Low
2024-04-27 19:00:00,26.348284815039136,26.765047,-53.22273194743104,106.75282609415956,0,250.0,False,False,Low
2024-04-27 20:00:00,15.0,22.821781,-57.165997862348036,102.80956017924257,0,250.0,False,False,Low
2024-04-27 21:00:00,38.04544605130348,20.481655,-59.50612389994569,100.46943414164491,0,250.0,False,False,Low
2024-04-27 22:00:00,85.28403001662628,24.690872,-55.29690682841249,104.67865121317811,0,250.0,False,False,Low
2024-04-27 23:00:00,15.0,21.826065,-58.16171395731874,101.81384408427186,0,250.0,False,False,Low
2024-04-28 00:00:00,31.72715247636221,33.843136,-46.14464318705507,113.83091485453554,0,250.0,False,False,Low
2024-04-28 01:00:00,15.567026581652511,29.96341,-50.024369596967176,109.95118844462343,0,250.0,False,False,Low
2024-04-28 02:00:00,46.29558878398348,40.66486,-39.322919249066786,120.65263879252382,0,250.0,False,False,Low
2024-04-28 03:00:00,46.36862290082308,37.193962,-42.79381692362733,117.18174111796327,0,250.0,False,False,Low
2024-04-28 04:00:00,69.98771195306972,30.845154,-49.14262521220155,110.83293282938905,0,250.0,False,False,Low
2024-04-28 05:00:00,35.61989402471446,39.018276,-40.96950280619569,119.00605523539491,0,250.0,False,False,Low
2024-04-28 06:00:00,15.0,20.417303,-59.57047593546815,100.40508210612245,0,250.0,False,False,Low
2024-04-28 07:00:00,15.0,38.316093,-41.67168557597108,118.30387246561952,0,250.0,False,False,Low
2024-04-28 08:00:00,52.29313719595479,47.2479,-32.73988091898866,127.23567712260194,0,250.0,False,False,Low
2024-04-28 09:00:00,15.0,29.296064,-50.69171464396425,109.28384339762636,0,250.0,False,False,Low
2024-04-28 10:00:00,22.14081863195425,37.28969,-42.69809091044374,117.27746713114686,0,250.0,False,False,Low
2024-04-28 11:00:00,15.0,29.917109,-50.0706704850287,109.9048875565619,0,250.0,False,False,Low
2024-04-28 12:00:00,36.1783362062496,18.746239,-61.24154031229921,98.7340177292914,0,250.0,False,False,Low
2024-04-28 13:00:00,31.54185669926044,32.02656,-47.961217283734754,112.01434075785585,0,250.0,False,False,Low
2024-04-28 14:00:00,52.94305269992552,26.580854,-53.40692460490175,106.56863343668886,0,250.0,False,False,Low
2024-04-28 15:00:00,55.4913293143196,25.581568,-54.406211256513075,105.56934678507753,0,250.0,False,False,Low
2024-04-28 16:00:00,15.0,30.170013,-49.817765593060926,110.15779244852968,0,250.0,False,False,Low
2024-04-28 17:00:00,49.84285810509972,34.486095,-45.501683592328504,114.4738744492621,0,250.0,False,False,Low
2024-04-28 18:00:00,33.224954304253366,28.40695,-51.58082902384706,108.39472901774354,0,250.0,False,False,Low
2024-04-28 19:00:00,34.24284157887115,44.58552,-35.402257322797254,124.57330071879335,0,250.0,False,False,Low
2024-04-28 20:00:00,36.83313482538156,25.921555,-54.066224455365614,105.90933358622499,0,250.0,False,False,Low
2024-04-28 21:00:00,15.0,23.523493,-56.46428620768495,103.51127183390565,0,250.0,False,False,Low
2024-04-28 22:00:00,31.05679092397952,21.729067,-58.25871217204042,101.71684586955018,0,250.0,False,False,Low
2024-04-28 23:00:00,23.36905000828401,29.732798,-50.25498139811464,109.72057664347597,0,250.0,False,False,Low
2024-04-29 00:00:00,50.33477395803854,22.773947,-57.21383225871034,102.76172578288026,0,250.0,False,False,Low
2024-04-29 01:00:00,46.982221984880766,22.831354,-57.15642487955995,102.81913316203065,0,250.0,False,False,Low
2024-04-29 02:00:00,18.468862894676093,29.719769,-50.26801049662538,109.70754754496522,0,250.0,False,False,Low
2024-04-29 03:00:00,17.82561055180856,36.11335,-43.87442910624452,116.10112893534608,0,250.0,False,False,Low
2024-04-29 04:00:00,37.20823379889946,30.660023,-49.3277562851996,110.647801756391,0,250.0,False,False,Low
2024-04-29 05:00:00,15.0,27.870705,-52.117074369916395,107.85848367167421,0,250.0,False,False,Low
2024-04-29 06:00:00,89.52592711467794,25.39022,-54.59755837870546,105.37799966288514,0,250.0,False,False,Low
2024-04-29 07:00:00,27.12389539805151,34.645584,-45.34219491434999,114.63336312724061,0,250.0,False,False,Low
2024-04-29 08:00:00,33.10332707835727,66.37104,-13.61673867655702,146.35881936503358,0,250.0,False,False,Low
2024-04-29 09:00:00,25.6039725334338,26.031492,-53.956286787518934,106.01927125407167,0,250.0,False,False,Low
2024-04-29 10:00:00,34.187292622521326,28.263407,-51.72437226725526,108.25118577433534,0,250.0,False,False,Low
2024-04-29 11:00:00,15.0,27.400173,-52.58760583353944,107.38795220805116,0,250.0,False,False,Low
2024-04-29 12:00:00,15.0,22.363037,-57.6247419114203,102.3508161301703,0,250.0,False,False,Low
2024-04-29 13:00:00,20.795992664921787,41.933533,-38.05424630595155,121.92131173563905,0,250.0,False,False,Low
2024-04-29 14:00:00,15.0,23.8021,-56.18567979289003,103.78987824870057,0,250.0,False,False,Low
2024-04-29 15:00:00,75.02131258361926,22.077728,-57.910050749310926,102.06550729227968,0,250.0,False,False,Low
2024-04-29 16:00:00,48.23711557007982,33.467964,-46.51981484843202,113.45574319315858,0,250.0,False,False,Low
2024-04-29 17:00:00,56.794516590120686,58.10087,-21.886910795697645,138.08864724589296,0,250.0,False,False,Low
2024-04-29 18:00:00,15.0,48.54006,-31.447720884808973,128.52783715678163,0,250.0,False,False,Low
2024-04-29 19:00:00,15.0,36.00779,-43.979989408978895,115.99556863261171,0,250.0,False,False,Low
2024-04-29 20:00:00,41.050379897999065,29.876112,-50.11166703654237,109.86389100504823,0,250.0,False,False,Low
2024-04-29 21:00:00,15.0,29.77535,-50.21242845011659,109.76312959147401,0,250.0,False,False,Low
2024-04-29 22:00:00,39.781256412821705,30.921396,-49.06638276530214,110.90917527628847,0,250.0,False,False,Low
2024-04-29 23:00:00,15.266297440002694,31.546537,-48.44124162150331,111.5343164200873,0,250.0,False,False,Low
2024-04-30 00:00:00,15.0,22.414244,-57.573535322675184,102.40202271891542,0,250.0,False,False,Low
2024-04-30 01:00:00,45.63062596013481,24.774538,-55.21324098063417,104.76231706095643,0,250.0,False,False,Low
2024-04-30 02:00:00,25.10569384028524,23.662493,-56.325286268720106,103.6502717728705,0,250.0,False,False,Low
2024-04-30 03:00:00,47.02435549550045,22.37855,-57.60922944498964,102.36632859660097,0,250.0,False,False,Low
2024-04-30 04:00:00,62.66204513142464,33.759426,-46.22835290385194,113.74720513773866,0,250.0,False,False,Low
2024-04-30 05:00:00,32.56215560969992,31.745514,-48.242265104779676,111.73329293681093,0,250.0,False,False,Low
2024-04-30 06:00:00,74.59934459561225,29.017881,-50.969897627362684,109.00566041422792,0,250.0,False,False,Low
2024-04-30 07:00:00,65.28676612477659,24.93485,-55.05292832804628,104.92262971354432,0,250.0,False,False,Low
2024-04-30 08:00:00,15.0,29.667372,-50.32040727091737,109.65515077067323,0,250.0,False,False,Low
2024-04-30 09:00:00,42.95291048627361,63.558155,-16.429623960980848,143.54593408060975,0,250.0,False,False,Low
2024-04-30 10:00:00,35.169076994596736,33.806137,-46.181641935834364,113.79391610575624,0,250.0,False,False,Low
2024-04-30 11:00:00,38.35941433844544,33.352596,-46.63518273783632,113.34037530375429,0,250.0,False,False,Low
2024-04-30 12:00:00,15.0,25.550596,-54.437182783612684,105.53837525797792,0,250.0,False,False,Low
2024-04-30 13:00:00,15.0,25.693516,-54.29426324320741,105.68129479838319,0,250.0,False,False,Low
2024-04-30 14:00:00,39.60686700599356,26.520916,-53.46686303568788,106.50869500590272,0,250.0,False,False,Low
2024-04-30 15:00:00,52.78669697642781,29.207598,-50.780181288251356,109.19537675333925,0,250.0,False,False,Low
2024-04-30 16:00:00,15.0,26.51957,-53.468209623822645,106.50734841776796,0,250.0,False,False,Low
2024-04-30 17:00:00,15.0,39.39429,-40.593488096723036,119.38206994486757,0,250.0,False,False,Low
2024-04-30 18:00:00,20.93759168657858,32.360535,-47.62724435282655,112.34831368876405,0,250.0,False,False,Low
2024-04-30 19:00:00,28.1546181337401,37.974663,-42.01311624003358,117.96244180155702,0,250.0,False,False,Low
2024-04-30 20:00:00,32.30096329197488,26.58644,-53.40133988810487,106.57421815348573,0,250.0,False,False,Low
2024-04-30 21:00:00,43.462420111195954,19.94366,-60.04411828471132,99.93143975687929,0,250.0,False,False,Low
2024-04-30 22:00:00,16.363219154683573,25.82829,-54.15948808146425,105.81606996012636,0,250.0,False,False,Low
2024-04-30 23:00:00,30.465608042496555,25.385681,-54.60209786845155,105.37346017313905,0,250.0,False,False,Low
2024-05-01 00:00:00,32.31609955235204,29.18106,-50.806718229779676,109.16883981181093,0,250.0,False,False,Low
2024-05-01 01:00:00,34.784583588451895,27.029451,-52.95832765055604,107.01723039103456,0,250.0,False,False,Low
2024-05-01 02:00:00,15.0,19.12928,-60.85849893046327,99.11705911112733,0,250.0,False,False,Low
2024-05-01 03:00:00,38.888047171587935,24.429909,-55.557870268353895,104.41768777323671,0,250.0,False,False,Low
2024-05-01 04:00:00,15.0,30.058962,-49.92881715250917,110.04674088908143,0,250.0,False,False,Low
2024-05-01 05:00:00,33.51340992811403,28.680792,-51.3069871659369,108.6685708756537,0,250.0,False,False,Low
2024-05-01 06:00:00,15.0,23.420362,-56.56741654826112,103.40814149332948,0,250.0,False,False,Low
2024-05-01 07:00:00,19.63900599819237,31.721622,-48.266156553754286,111.70940148783632,0,250.0,False,False,Low
2024-05-01 08:00:00,15.0,24.058826,-55.9289525742621,104.0466054673285,0,250.0,False,False,Low
2024-05-01 09:00:00,15.0,18.176247,-61.811532377728895,98.16402566386171,0,250.0,False,False,Low
2024-05-01 10:00:00,22.142978674809047,20.246922,-59.74085748148866,100.23470056010194,0,250.0,False,False,Low
2024-05-01 11:00:00,15.0,20.497066,-59.49071252299257,100.48484551859804,0,250.0,False,False,Low
2024-05-01 12:00:00,15.0,19.50969,-60.478089689740614,99.49746835184999,0,250.0,False,False,Low
2024-05-01 13:00:00,36.09469561770299,19.86777,-60.12000977946229,99.85554826212831,0,250.0,False,False,Low
2024-05-01 14:00:00,21.546172452961155,27.76543,-52.22234857035585,107.75320947123475,0,250.0,False,False,Low
2024-05-01 15:00:00,15.0,21.233831,-58.75394761515565,101.22161042643495,0,250.0,False,False,Low
2024-05-01 16:00:00,22.9009582241101,21.153309,-58.8344701523871,101.1410878892035,0,250.0,False,False,Low
2024-05-01 17:00:00,15.0,22.39068,-57.59709870768495,102.37845933390565,0,250.0,False,False,Low
2024-05-01 18:00:00,15.0,23.10278,-56.88499963236757,103.09055840922304,0,250.0,False,False,Low
2024-05-01 19:00:00,15.0,20.148615,-59.83916413737245,100.13639390421815,0,250.0,False,False,Low
2024-05-01 20:00:00,15.0,26.498072,-53.489707350263075,106.48585069132753,0,250.0,False,False,Low
2024-05-01 21:00:00,15.0,16.196728,-63.791051268109754,96.18450677348085,0,250.0,False,False,Low
2024-05-01 22:00:00,15.0,17.231295,-62.75648438883729,97.21907365275331,0,250.0,False,False,Low
2024-05-01 23:00:00,54.70754672118601,18.871696,-61.11608254862733,98.85947549296327,0,250.0,False,False,Low
2024-05-02 00:00:00,22.75686191452301,25.159424,-54.8283551926703,105.1472028489203,1,250.0,False,False,Low
2024-05-02 01:00:00,19.96866276558257,30.780256,-49.207522749433,110.7680352921576,0,250.0,False,False,Low
2024-05-02 02:00:00,62.01354817558592,24.355375,-55.63240373087831,104.3431543107123,0,250.0,False,False,Low
2024-05-02 03:00:00,15.0,34.391556,-45.59622323466249,114.37933480692811,1,250.0,False,False,Low
2024-05-02 04:00:00,15.0,22.383188,-57.60459077311464,102.37096726847597,0,250.0,False,False,Low
2024-05-02 05:00:00,15.0,27.488182,-52.49959695292421,107.4759610886664,0,250.0,False,False,Low
2024-05-02 06:00:00,15.0,32.113056,-47.87472283793397,112.10083520365663,0,250.0,False,False,Low
2024-05-02 07:00:00,15.0,27.91721,-52.07056939555116,107.90498864603944,0,250.0,False,False,Low
2024-05-02 08:00:00,18.078555987179588,20.675333,-59.31244599772401,100.66311204386659,0,250.0,False,False,Low
2024-05-02 09:00:00,15.0,31.687723,-48.30005586100526,111.67550218058534,0,250.0,False,False,Low
2024-05-02 10:00:00,22.57089327201897,21.685722,-58.30205666972108,101.67350137186952,0,250.0,False,False,Low
2024-05-02 11:00:00,16.62347072016226,18.402767,-61.58501183939882,98.39054620219179,0,250.0,False,False,Low
2024-05-02 12:00:00,15.0,27.822624,-52.16515481425233,107.81040322733827,0,250.0,False,False,Low
2024-05-02 13:00:00,30.70982918635631,22.275959,-57.71182000590272,102.26373803568788,0,250.0,False,False,Low
2024-05-02 14:00:00,15.0,21.880577,-58.10720193339296,101.86835610819764,0,250.0,False,False,Low
2024-05-02 15:00:00,15.0,30.092653,-49.89512574625917,110.08043229533143,0,250.0,False,False,Low
2024-05-02 16:00:00,15.0,33.817062,-46.170716642865614,113.80484139872499,0,250.0,False,False,Low
2024-05-02 17:00:00,15.0,19.300129,-60.68765008402772,99.28790795756288,0,250.0,False,False,Low
2024-05-02 18:00:00,58.45357183746125,30.837112,-49.15066659403749,110.82489144755311,0,250.0,False,False,Low
2024-05-02 19:00:00,45.433307024253104,31.325363,-48.662415861615614,111.31314217997499,1,250.0,False,False,Low
2024-05-02 20:00:00,32.97637502671506,33.331818,-46.655961393842176,113.31959664774843,0,250.0,False,False,Low
2024-05-02 21:00:00,15.0,30.834003,-49.15377557230897,110.82178246928163,0,250.0,False,False,Low
2024-05-02 22:00:00,24.39613906706702,26.70578,-53.281998991498426,106.69355905009218,0,250.0,False,False,Low
2024-05-02 23:00:00,47.71064470166412,18.238794,-61.748984694013075,98.22657334757753,0,250.0,False,False,Low
2024-05-03 00:00:00,15.0,26.34609,-53.64168870402284,106.33386933756776,0,250.0,False,False,Low
2024-05-03 01:00:00,15.0,22.428213,-57.559565901288465,102.41599214030214,0,250.0,False,False,Low
2024-05-03 02:00:00,34.88279764488154,26.011332,-53.97644746256776,105.99911057902284,0,250.0,False,False,Low
2024-05-03 03:00:00,15.0,15.666046,-64.32173287821718,95.65382516337343,0,250.0,False,False,Low
2024-05-03 04:00:00,56.193923536735625,17.95506,-62.03271996928163,97.94283807230897,0,250.0,False,False,Low
2024-05-03 05:00:00,34.19330534556819,27.46239,-52.5253881211371,107.4501699204535,0,250.0,False,False,Low
2024-05-03 06:00:00,15.0,28.325335,-51.662444471845106,108.3131135697455,0,250.0,False,False,Low
2024-05-03 07:00:00,15.0,37.598515,-42.389264463910536,117.58629357768007,0,250.0,False,False,Low
2024-05-03 08:00:00,15.0,26.570501,-53.41727769328065,106.55828034830995,0,250.0,False,False,Low
2024-05-03 09:00:00,15.0,22.127367,-57.86041200114198,102.11514604044862,0,250.0,False,False,Low
2024-05-03 10:00:00,35.66969600210108,17.834064,-62.15371453715272,97.82184350443788,0,250.0,False,False,Low
2024-05-03 11:00:00,22.35584283483202,21.387438,-58.60034120036073,101.37521684122987,0,250.0,False,False,Low
2024-05-03 12:00:00,31.6488847702499,24.809082,-55.1786969895453,104.7968610520453,0,250.0,False,False,Low
2024-05-03 13:00:00,15.0,23.585178,-56.40260064555116,103.57295739603944,0,250.0,False,False,Low
2024-05-03 14:00:00,22.21631966816557,20.496548,-59.49123132182069,100.48432671976991,0,250.0,False,False,Low
2024-05-03 15:00:00,15.0,19.838842,-60.14893662882753,99.82662141276307,0,250.0,False,False,Low
2024-05-03 16:00:00,26.54656416963133,21.370605,-58.6171735520453,101.3583844895453,0,250.0,False,False,Low
2024-05-03 17:00:00,18.4128874955284,28.26796,-51.71981942606874,108.25573861552186,0,250.0,False,False,Low
2024-05-03 18:00:00,15.0,20.630816,-59.356963514813856,100.61859452677675,0,250.0,False,False,Low
2024-05-03 19:00:00,15.0,22.196882,-57.7908967728705,102.1846612687201,0,250.0,False,False,Low
2024-05-03 20:00:00,17.262565498440182,27.796314,-52.19146478129335,107.78409326029725,0,250.0,False,False,Low
2024-05-03 21:00:00,66.19043514238349,23.94044,-56.04733979655214,103.92821824503847,0,250.0,False,False,Low
2024-05-03 22:00:00,15.0,20.652842,-59.33493745280214,100.64062058878847,1,250.0,False,False,Low
2024-05-03 23:00:00,21.774422022967297,34.364143,-45.62363564921327,114.35192239237733,0,250.0,False,False,Low
2024-05-04 00:00:00,18.466800506186857,29.036325,-50.95145356608339,109.02410447550722,0,250.0,False,False,Low
2024-05-04 01:00:00,46.27306359810398,31.023876,-48.963902830609754,111.01165521098085,0,250.0,False,False,Low
2024-05-04 02:00:00,30.15181267718457,21.349314,-58.63846528483339,101.33709275675722,0,250.0,False,False,Low
2024-05-04 03:00:00,23.419897495203628,21.125183,-58.86259591532655,101.11296212626405,0,250.0,False,False,Low
2024-05-04 04:00:00,15.0,24.503824,-55.48395478678651,104.49160325480409,0,250.0,False,False,Low
2024-05-04 05:00:00,59.58644291360652,24.00622,-55.9815591569037,103.9939988846869,0,250.0,False,False,Low
2024-05-04 06:00:00,40.04473398342608,21.0539,-58.93387925578065,101.04167878580995,0,250.0,False,False,Low
2024-05-04 07:00:00,15.0,30.320084,-49.66769540263124,110.30786263895936,0,250.0,False,False,Low
2024-05-04 08:00:00,15.0,26.557896,-53.42988336039491,106.54567468119569,0,250.0,False,False,Low
2024-05-04 09:00:00,15.0,24.574135,-55.413644194135145,104.56191384745546,0,250.0,False,False,Low
2024-05-04 10:00:00,22.0306255917572,19.388765,-60.59901368571229,99.37654435587831,0,250.0,False,False,Low
2024-05-04 11:00:00,15.0,19.525923,-60.46185624552675,99.51370179606386,0,250.0,False,False,Low
2024-05-04 12:00:00,15.0,19.383287,-60.60449159098573,99.37106645060487,0,250.0,False,False,Low
2024-05-04 13:00:00,21.43479331505937,23.42326,-56.56451928568788,103.41103875590272,0,250.0,False,False,Low
2024-05-04 14:00:00,46.461560319974254,22.901272,-57.08650720072694,102.88905084086366,0,250.0,False,False,Low
2024-05-04 15:00:00,15.0,21.172113,-58.8156656022162,101.1598924393744,0,250.0,False,False,Low
2024-05-04 16:00:00,22.17811904272496,21.368341,-58.61943757487245,101.35612046671815,0,250.0,False,False,Low
2024-05-04 17:00:00,15.0,30.752218,-49.23556077433534,110.73999726725526,0,250.0,False,False,Low
2024-05-04 18:00:00,15.0,38.628704,-41.35907494975038,118.61648309184022,0,250.0,False,False,Low
2024-05-04 19:00:00,15.0,20.631954,-59.35582482768007,100.61973321391054,0,250.0,False,False,Low
2024-05-04 20:00:00,15.0,21.339237,-58.648541807660536,101.32701623393007,0,250.0,False,False,Low
2024-05-04 21:00:00,31.886925546335352,24.233065,-55.75471436930604,104.22084367228456,0,250.0,False,False,Low
2024-05-04 22:00:00,15.0,18.498238,-61.48954141093202,98.48601663065858,0,250.0,False,False,Low
2024-05-04 23:00:00,15.0,21.761343,-58.226436018475965,101.74912202311464,0,250.0,False,False,Low
2024-05-05 00:00:00,24.76074324579044,20.622425,-59.3653539414496,100.610204100141,0,250.0,False,False,Low
2024-10-29 00:00:00,54.474230999108265,247.32225,167.33447134541564,327.31002938700624,0,250.0,True,False,Watch
2024-10-29 01:00:00,100.49408480499412,62.01099,-17.976788877973036,141.99876916361757,0,250.0,False,False,Low
2024-10-29 02:00:00,94.88345899127216,58.1077,-21.88007867289491,138.0954793686957,0,250.0,False,False,Low
2024-10-29 03:00:00,79.69452471079289,79.21278,-0.7749952073187387,159.20056283427186,0,250.0,False,False,Low
2024-10-29 04:00:00,125.08392867372368,84.41549,4.4277101759820425,164.40326821757264,0,250.0,False,False,Low
2024-10-29 05:00:00,87.14440578826992,68.99585,-10.991929411420301,148.9836286301703,0,250.0,False,False,Low
2024-10-29 06:00:00,89.59902484606327,74.130325,-5.857453703412489,154.1181043381781,0,250.0,False,False,Low
2024-10-29 07:00:00,62.973387155170975,63.770638,-16.21714150858827,143.75841653300233,0,250.0,False,False,Low
2024-10-29 08:00:00,76.05393516706889,62.52941,-17.458367704877332,142.51719033671327,0,250.0,False,False,Low
2024-10-29 09:00:00,80.09300813158478,70.340485,-9.647294401654676,150.32826363993593,0,250.0,False,False,Low
2024-10-29 10:00:00,46.90250552348657,65.89954,-14.08823525858827,145.88732278300233,0,250.0,False,False,Low
2024-10-29 11:00:00,48.96669236293816,56.4543,-23.53347909403749,136.4420789475531,0,250.0,False,False,Low
2024-10-29 12:00:00,49.73874832176829,53.836246,-26.151532530316786,133.82402551127382,0,250.0,False,False,Low
2024-10-29 13:00:00,76.2449148282479,46.635136,-33.352643370160536,126.62291467143007,0,250.0,False,False,Low
2024-10-29 14:00:00,16.868418246205245,55.76137,-24.226407408246473,135.74915063334413,0,250.0,False,False,Low
2024-10-29 15:00:00,32.98312887857672,42.966164,-37.021615385541395,122.95394265604921,0,250.0,False,False,Low
2024-10-29 16:00:00,66.34400180562595,76.170425,-3.8173536057562387,156.15820443583436,0,250.0,False,False,Low
2024-10-29 17:00:00,26.434954027200007,268.3346,188.3468157057672,348.3223737473578,0,250.0,True,True,High
2024-10-29 18:00:00,103.14616282399687,91.61492,11.627142549028918,171.60270059061952,0,250.0,False,False,Low
2024-10-29 19:00:00,60.550942228879045,77.699554,-2.288224577435926,157.68733346415468,0,250.0,False,False,Low
2024-10-29 20:00:00,72.52783377471141,248.28563,168.29785025166564,328.27340829325624,0,250.0,True,False,Watch
2024-10-29 21:00:00,75.63951802044008,95.5567,15.568922639360949,175.54448068095155,0,250.0,False,False,Low
2024-10-29 22:00:00,38.90704852734295,85.50947,5.52168905781798,165.49724709940858,0,250.0,False,False,Low
2024-10-29 23:00:00,73.77484082059497,62.748764,-17.239014982709364,142.73654305888124,0,250.0,False,False,Low
2024-10-30 00:00:00,23.342283907135588,65.96908,-14.018700956830457,145.95685708476014,0,250.0,False,False,Low
2024-10-30 01:00:00,44.73132913415122,46.899223,-33.08855569315858,126.88700234843202,0,250.0,False,False,Low
2024-10-30 02:00:00,58.91677018045384,55.92787,-24.05990731669374,135.91565072489686,0,250.0,False,False,Low
2024-10-30 03:00:00,116.06945990705576,56.084274,-23.903504728803114,136.0720533127875,0,250.0,False,False,Low
2024-10-30 04:00:00,82.10093802616777,102.52354,22.535757661333605,182.5113157029242,0,250.0,False,False,Low
2024-10-30 05:00:00,92.689920795214,96.82323,16.835447907915636,176.81100594950624,0,250.0,False,False,Low
2024-10-30 06:00:00,100.94478429408484,94.29266,14.304884553423449,174.28044259501405,0,250.0,False,False,Low
2024-10-30 07:00:00,43.42962693673383,78.012085,-1.9756940598578012,157.9998639817328,0,250.0,False,False,Low
2024-10-30 08:00:00,78.46305055255138,52.21401,-27.773770689496473,132.20178735209413,0,250.0,False,False,Low
2024-10-30 09:00:00,85.13208613318477,53.60068,-26.38709771586366,133.58846032572694,0,250.0,False,False,Low
2024-10-30 10:00:00,65.09547131713714,63.91722,-16.070557951459364,143.90500009013124,0,250.0,False,False,Low
2024-10-30 11:00:00,43.35847393833633,48.723164,-31.264615416058973,128.71094262553163,0,250.0,False,False,Low
2024-10-30 12:00:00,55.92415680459662,52.27468,-27.713097929486707,132.2624601121039,0,250.0,False,False,Low
2024-10-30 13:00:00,51.48291469003738,48.815083,-31.172696470746473,128.80286157084413,0,250.0,False,False,Low
2024-10-30 14:00:00,15.0,58.92833,-21.059449553021864,138.91610848856874,0,250.0,False,False,Low
2024-10-30 15:00:00,64.91181055680666,55.265285,-24.722493528851942,135.25306451273866,0,250.0,False,False,Low
2024-10-30 16:00:00,74.74310410529675,88.216606,8.228827119341418,168.20438516093202,0,250.0,False,False,Low
2024-10-30 17:00:00,15.0,283.56195,203.57417166279845,363.54972970438905,0,250.0,True,True,High
2024-10-30 18:00:00,87.58609767082777,64.71154,-15.276238798627332,144.69931924296327,0,250.0,False,False,Low
2024-10-30 19:00:00,42.560955266892925,103.80171,23.81393301533751,183.7894910569281,0,250.0,False,False,Low
2024-10-30 20:00:00,71.18874677969366,276.81735,196.82957327412657,356.8051313157172,0,250.0,True,True,High
2024-10-30 21:00:00,68.65956977396534,93.212,13.224218965044543,173.19977700663514,0,250.0,False,False,Low
2024-10-30 22:00:00,84.09737231540305,85.35727,5.369490266314074,165.34504830790468,0,250.0,False,False,Low
2024-10-30 23:00:00,15.0,74.74276,-5.2450193162054575,154.73053872538514,0,250.0,False,False,Low
2024-10-31 00:00:00,109.8683760093997,59.086357,-20.901421904096082,139.07413613749452,0,250.0,False,False,Low
2024-10-31 01:00:00,22.150791729840208,75.04165,-4.9461301560492075,155.0294278855414,0,250.0,False,False,Low
2024-10-31 02:00:00,55.85664285704161,169.64217,89.65438711690001,249.6299451584906,0,250.0,False,False,Low
2024-10-31 03:00:00,92.31237788127456,147.8857,67.89791739033751,227.8734754319281,0,250.0,False,False,Low
2024-10-31 04:00:00,59.603887654946895,91.580284,11.592505097857043,171.56806313944764,0,250.0,False,False,Low
2024-10-31 05:00:00,49.13307244065888,118.72218,38.73440420674376,198.70996224833436,0,250.0,False,False,Low
2024-10-31 06:00:00,77.95614352404316,58.142857,-21.84492242289491,138.1306356186957,0,250.0,False,False,Low
2024-10-31 07:00:00,88.92604624543735,58.554398,-21.43338143778749,138.5421766038031,0,250.0,False,False,Low
2024-10-31 08:00:00,67.52221188342097,65.305214,-14.682565092572645,145.29299294901796,0,250.0,False,False,Low
2024-10-31 09:00:00,65.6504592106635,70.49886,-9.488915800580457,150.48664224101014,0,250.0,False,False,Low
2024-10-31 10:00:00,86.36360731565911,61.89452,-18.093259214887098,141.8822988267035,0,250.0,False,False,Low
2024-10-31 11:00:00,88.97636393857104,62.589558,-17.398221373090223,142.57733666850038,0,250.0,False,False,Low
2024-10-31 12:00:00,59.55447344257989,73.62457,-6.363206266889051,153.61235177470155,0,250.0,False,False,Low
2024-10-31 13:00:00,15.0,47.04469,-32.943089842328504,127.0324681992621,0,250.0,False,False,Low
2024-10-31 14:00:00,15.0,48.30984,-31.677937864789442,128.29762017680116,0,250.0,False,False,Low
2024-10-31 15:00:00,35.65763888645242,52.233624,-27.75415551615663,132.22140252543397,0,250.0,False,False,Low
2024-10-31 16:00:00,32.59052402961491,119.89488,39.907103181353136,199.88266122294374,0,250.0,False,False,Low
2024-10-31 17:00:00,781.7201173901781,254.79346,174.8056780104547,334.7812360520453,0,250.0,True,True,High
2024-10-31 18:00:00,803.3980109229527,688.76135,608.7735735182672,768.7491315598578,0,250.0,True,True,High
2024-10-31 19:00:00,711.850421432925,522.7152,442.7274309401422,602.7029889817328,0,250.0,True,True,High
2024-10-31 20:00:00,619.2887961600047,644.2713,564.283522248736,724.2590802903266,0,250.0,True,True,High
2024-10-31 21:00:00,666.7478256491603,635.0098,555.022047639361,714.9976056809516,0,250.0,True,True,High
2024-10-31 22:00:00,388.13167078014953,620.44434,540.4565569167047,700.4321149582953,0,250.0,True,True,High
2024-10-31 23:00:00,592.4072834442962,506.6439,426.6561113600641,586.6316694016547,0,250.0,True,True,High
2024-11-01 00:00:00,770.2835881488086,661.7977,581.8099504713922,741.7855085129828,0,250.0,True,True,High
2024-11-01 01:00:00,795.1873752758145,544.50726,464.51948416279845,624.495042204389,0,250.0,True,True,High
2024-11-01 02:00:00,502.8834469094861,485.87442,405.8866411452203,565.8621991868109,0,250.0,True,True,High
2024-11-01 03:00:00,539.1098439826262,473.6927,393.70490896748595,553.6804670090766,0,250.0,True,True,High
2024-11-01 04:00:00,457.4770723508133,645.3451,565.3573137526422,725.3328717942328,0,250.0,True,True,High
2024-11-01 05:00:00,822.7220415849571,650.7915,570.8037248854547,730.7792829270453,0,250.0,True,True,High
2024-11-01 06:00:00,66.19234048864939,131.14583,51.15804922627501,211.1336072678656,0,250.0,False,False,Low
2024-11-01 07:00:00,55.065181698779455,73.137436,-6.850343107709364,153.12521493388124,0,250.0,False,False,Low
2024-11-01 08:00:00,76.56406057433138,88.22905,8.241270661821886,168.2168287034125,0,250.0,False,False,Low
2024-11-01 09:00:00,77.036897541203,87.90809,7.92030966328673,167.89586770487733,0,250.0,False,False,Low
2024-11-01 10:00:00,35.46073413398845,70.9703,-9.017480253705457,150.95807778788514,0,250.0,False,False,Low
2024-11-01 11:00:00,75.06666906154223,58.40324,-21.58453881693788,138.39101922465272,0,250.0,False,False,Low
2024-11-01 12:00:00,81.18075302798782,71.27219,-8.715592741498426,151.25996530009218,0,250.0,False,False,Low
2024-11-01 13:00:00,22.27129001947622,53.21508,-26.772698759564832,133.20285928202577,0,250.0,False,False,Low
2024-11-01 14:00:00,39.412395652626,77.391136,-2.5966428513617075,157.3789151902289,0,250.0,False,False,Low
2024-11-01 15:00:00,15.0,54.869644,-25.11813485575624,134.85742318583436,0,250.0,False,False,Low
2024-11-01 16:00:00,36.80127617509961,73.27102,-6.7167600388617075,153.2587980027289,0,250.0,False,False,Low
2024-11-01 17:00:00,82.80527323459418,90.84711,10.859327912798449,170.83488595438905,0,250.0,False,False,Low
2024-11-01 18:00:00,59.32561708933236,312.4532,232.46540701436095,392.44096505595155,0,250.0,True,True,High
2024-11-01 19:00:00,70.93767004668317,106.53778,26.55000174092345,186.52555978251405,0,250.0,False,False,Low
2024-11-01 20:00:00,110.21798753090208,92.871735,12.883955598345324,172.85951363993593,0,250.0,False,False,Low
2024-11-01 21:00:00,41.71584398707227,92.70857,12.720793366900011,172.6963514084906,0,250.0,False,False,Low
2024-11-01 22:00:00,41.77083690762818,84.85058,4.8627992873101675,164.83835732890077,0,250.0,False,False,Low
2024-11-01 23:00:00,48.31418040088242,91.18067,11.19289267109923,171.16845071268983,0,250.0,False,False,Low
2024-11-02 00:00:00,113.09085495182654,95.84824,15.860464692583605,175.8360227341742,0,250.0,False,False,Low
